asn,ix_id,fac_id,name,state,city
13335,6,208,CoreSite - Chicago (CH1),IL,Chicago
16509,6,208,CoreSite - Chicago (CH1),IL,Chicago
8075,6,208,CoreSite - Chicago (CH1),IL,Chicago
57976,6,208,CoreSite - Chicago (CH1),IL,Chicago
15133,6,208,CoreSite - Chicago (CH1),IL,Chicago
6939,6,208,CoreSite - Chicago (CH1),IL,Chicago
15169,6,208,CoreSite - Chicago (CH1),IL,Chicago
55256,6,208,CoreSite - Chicago (CH1),IL,Chicago
14340,6,208,CoreSite - Chicago (CH1),IL,Chicago
32748,6,208,CoreSite - Chicago (CH1),IL,Chicago
32899,6,208,CoreSite - Chicago (CH1),IL,Chicago
23473,6,208,CoreSite - Chicago (CH1),IL,Chicago
10310,6,208,CoreSite - Chicago (CH1),IL,Chicago
396850,6,208,CoreSite - Chicago (CH1),IL,Chicago
22822,6,208,CoreSite - Chicago (CH1),IL,Chicago
58907,6,208,CoreSite - Chicago (CH1),IL,Chicago
9304,6,208,CoreSite - Chicago (CH1),IL,Chicago
42,6,208,CoreSite - Chicago (CH1),IL,Chicago
30517,6,208,CoreSite - Chicago (CH1),IL,Chicago
23367,6,208,CoreSite - Chicago (CH1),IL,Chicago
16524,6,208,CoreSite - Chicago (CH1),IL,Chicago
3856,6,208,CoreSite - Chicago (CH1),IL,Chicago
12200,6,208,CoreSite - Chicago (CH1),IL,Chicago
44444,6,208,CoreSite - Chicago (CH1),IL,Chicago
397494,6,208,CoreSite - Chicago (CH1),IL,Chicago
22425,6,208,CoreSite - Chicago (CH1),IL,Chicago
13335,1307,208,CoreSite - Chicago (CH1),IL,Chicago
199524,1307,208,CoreSite - Chicago (CH1),IL,Chicago
63023,1307,208,CoreSite - Chicago (CH1),IL,Chicago
16509,1307,208,CoreSite - Chicago (CH1),IL,Chicago
8075,1307,208,CoreSite - Chicago (CH1),IL,Chicago
57976,1307,208,CoreSite - Chicago (CH1),IL,Chicago
15133,1307,208,CoreSite - Chicago (CH1),IL,Chicago
6939,1307,208,CoreSite - Chicago (CH1),IL,Chicago
49544,1307,208,CoreSite - Chicago (CH1),IL,Chicago
714,1307,208,CoreSite - Chicago (CH1),IL,Chicago
62904,1307,208,CoreSite - Chicago (CH1),IL,Chicago
33438,1307,208,CoreSite - Chicago (CH1),IL,Chicago
14928,1307,208,CoreSite - Chicago (CH1),IL,Chicago
2906,1307,208,CoreSite - Chicago (CH1),IL,Chicago
32934,1307,208,CoreSite - Chicago (CH1),IL,Chicago
19151,1307,208,CoreSite - Chicago (CH1),IL,Chicago
11403,1307,208,CoreSite - Chicago (CH1),IL,Chicago
32035,1307,208,CoreSite - Chicago (CH1),IL,Chicago
394968,1307,208,CoreSite - Chicago (CH1),IL,Chicago
62597,1307,208,CoreSite - Chicago (CH1),IL,Chicago
21788,1307,208,CoreSite - Chicago (CH1),IL,Chicago
40630,1307,208,CoreSite - Chicago (CH1),IL,Chicago
13335,811,208,CoreSite - Chicago (CH1),IL,Chicago
20940,811,208,CoreSite - Chicago (CH1),IL,Chicago
199524,811,208,CoreSite - Chicago (CH1),IL,Chicago
16509,811,208,CoreSite - Chicago (CH1),IL,Chicago
8075,811,208,CoreSite - Chicago (CH1),IL,Chicago
25697,811,208,CoreSite - Chicago (CH1),IL,Chicago
6939,811,208,CoreSite - Chicago (CH1),IL,Chicago
46261,811,208,CoreSite - Chicago (CH1),IL,Chicago
15169,811,208,CoreSite - Chicago (CH1),IL,Chicago
2734,811,208,CoreSite - Chicago (CH1),IL,Chicago
4455,811,208,CoreSite - Chicago (CH1),IL,Chicago
55256,811,208,CoreSite - Chicago (CH1),IL,Chicago
14340,811,208,CoreSite - Chicago (CH1),IL,Chicago
7843,811,208,CoreSite - Chicago (CH1),IL,Chicago
20115,811,208,CoreSite - Chicago (CH1),IL,Chicago
12083,811,208,CoreSite - Chicago (CH1),IL,Chicago
47869,811,208,CoreSite - Chicago (CH1),IL,Chicago
22995,811,208,CoreSite - Chicago (CH1),IL,Chicago
20278,811,208,CoreSite - Chicago (CH1),IL,Chicago
32899,811,208,CoreSite - Chicago (CH1),IL,Chicago
397095,811,208,CoreSite - Chicago (CH1),IL,Chicago
4556,811,208,CoreSite - Chicago (CH1),IL,Chicago
53610,811,208,CoreSite - Chicago (CH1),IL,Chicago
12243,811,208,CoreSite - Chicago (CH1),IL,Chicago
399663,811,208,CoreSite - Chicago (CH1),IL,Chicago
53597,811,208,CoreSite - Chicago (CH1),IL,Chicago
2906,811,208,CoreSite - Chicago (CH1),IL,Chicago
10310,811,208,CoreSite - Chicago (CH1),IL,Chicago
32934,811,208,CoreSite - Chicago (CH1),IL,Chicago
6507,811,208,CoreSite - Chicago (CH1),IL,Chicago
58907,811,208,CoreSite - Chicago (CH1),IL,Chicago
53828,811,208,CoreSite - Chicago (CH1),IL,Chicago
7155,811,208,CoreSite - Chicago (CH1),IL,Chicago
19151,811,208,CoreSite - Chicago (CH1),IL,Chicago
42,811,208,CoreSite - Chicago (CH1),IL,Chicago
15042,811,208,CoreSite - Chicago (CH1),IL,Chicago
53264,811,208,CoreSite - Chicago (CH1),IL,Chicago
31845,811,208,CoreSite - Chicago (CH1),IL,Chicago
26554,811,208,CoreSite - Chicago (CH1),IL,Chicago
36086,811,208,CoreSite - Chicago (CH1),IL,Chicago
23367,811,208,CoreSite - Chicago (CH1),IL,Chicago
14593,811,208,CoreSite - Chicago (CH1),IL,Chicago
6473,811,208,CoreSite - Chicago (CH1),IL,Chicago
394968,811,208,CoreSite - Chicago (CH1),IL,Chicago
3856,811,208,CoreSite - Chicago (CH1),IL,Chicago
134521,811,208,CoreSite - Chicago (CH1),IL,Chicago
63399,811,208,CoreSite - Chicago (CH1),IL,Chicago
30455,811,208,CoreSite - Chicago (CH1),IL,Chicago
17210,811,208,CoreSite - Chicago (CH1),IL,Chicago
393891,811,208,CoreSite - Chicago (CH1),IL,Chicago
63014,811,208,CoreSite - Chicago (CH1),IL,Chicago
32261,811,208,CoreSite - Chicago (CH1),IL,Chicago
36001,811,208,CoreSite - Chicago (CH1),IL,Chicago
2381,811,208,CoreSite - Chicago (CH1),IL,Chicago
14333,811,208,CoreSite - Chicago (CH1),IL,Chicago
63311,811,208,CoreSite - Chicago (CH1),IL,Chicago
398868,811,208,CoreSite - Chicago (CH1),IL,Chicago
19255,811,208,CoreSite - Chicago (CH1),IL,Chicago
26415,811,208,CoreSite - Chicago (CH1),IL,Chicago
112,811,208,CoreSite - Chicago (CH1),IL,Chicago
11142,811,208,CoreSite - Chicago (CH1),IL,Chicago
393853,811,208,CoreSite - Chicago (CH1),IL,Chicago
32425,811,208,CoreSite - Chicago (CH1),IL,Chicago
40165,811,208,CoreSite - Chicago (CH1),IL,Chicago
40764,811,208,CoreSite - Chicago (CH1),IL,Chicago
8075,163,208,CoreSite - Chicago (CH1),IL,Chicago
6939,163,208,CoreSite - Chicago (CH1),IL,Chicago
141039,163,208,CoreSite - Chicago (CH1),IL,Chicago
15169,163,208,CoreSite - Chicago (CH1),IL,Chicago
36236,163,208,CoreSite - Chicago (CH1),IL,Chicago
2734,163,208,CoreSite - Chicago (CH1),IL,Chicago
237,163,208,CoreSite - Chicago (CH1),IL,Chicago
22822,163,208,CoreSite - Chicago (CH1),IL,Chicago
14593,163,208,CoreSite - Chicago (CH1),IL,Chicago
46401,163,208,CoreSite - Chicago (CH1),IL,Chicago
33597,163,208,CoreSite - Chicago (CH1),IL,Chicago
33353,163,208,CoreSite - Chicago (CH1),IL,Chicago
4436,163,208,CoreSite - Chicago (CH1),IL,Chicago
14585,163,208,CoreSite - Chicago (CH1),IL,Chicago
13335,6,224,Digital Realty CHI (350 E Cermak),IL,Chicago
16509,6,224,Digital Realty CHI (350 E Cermak),IL,Chicago
8075,6,224,Digital Realty CHI (350 E Cermak),IL,Chicago
57976,6,224,Digital Realty CHI (350 E Cermak),IL,Chicago
15133,6,224,Digital Realty CHI (350 E Cermak),IL,Chicago
6939,6,224,Digital Realty CHI (350 E Cermak),IL,Chicago
15169,6,224,Digital Realty CHI (350 E Cermak),IL,Chicago
55256,6,224,Digital Realty CHI (350 E Cermak),IL,Chicago
14340,6,224,Digital Realty CHI (350 E Cermak),IL,Chicago
32748,6,224,Digital Realty CHI (350 E Cermak),IL,Chicago
32899,6,224,Digital Realty CHI (350 E Cermak),IL,Chicago
23473,6,224,Digital Realty CHI (350 E Cermak),IL,Chicago
10310,6,224,Digital Realty CHI (350 E Cermak),IL,Chicago
396850,6,224,Digital Realty CHI (350 E Cermak),IL,Chicago
22822,6,224,Digital Realty CHI (350 E Cermak),IL,Chicago
58907,6,224,Digital Realty CHI (350 E Cermak),IL,Chicago
9304,6,224,Digital Realty CHI (350 E Cermak),IL,Chicago
42,6,224,Digital Realty CHI (350 E Cermak),IL,Chicago
30517,6,224,Digital Realty CHI (350 E Cermak),IL,Chicago
23367,6,224,Digital Realty CHI (350 E Cermak),IL,Chicago
16524,6,224,Digital Realty CHI (350 E Cermak),IL,Chicago
3856,6,224,Digital Realty CHI (350 E Cermak),IL,Chicago
12200,6,224,Digital Realty CHI (350 E Cermak),IL,Chicago
44444,6,224,Digital Realty CHI (350 E Cermak),IL,Chicago
397494,6,224,Digital Realty CHI (350 E Cermak),IL,Chicago
22425,6,224,Digital Realty CHI (350 E Cermak),IL,Chicago
13335,1307,224,Digital Realty CHI (350 E Cermak),IL,Chicago
199524,1307,224,Digital Realty CHI (350 E Cermak),IL,Chicago
63023,1307,224,Digital Realty CHI (350 E Cermak),IL,Chicago
16509,1307,224,Digital Realty CHI (350 E Cermak),IL,Chicago
8075,1307,224,Digital Realty CHI (350 E Cermak),IL,Chicago
57976,1307,224,Digital Realty CHI (350 E Cermak),IL,Chicago
15133,1307,224,Digital Realty CHI (350 E Cermak),IL,Chicago
6939,1307,224,Digital Realty CHI (350 E Cermak),IL,Chicago
49544,1307,224,Digital Realty CHI (350 E Cermak),IL,Chicago
714,1307,224,Digital Realty CHI (350 E Cermak),IL,Chicago
62904,1307,224,Digital Realty CHI (350 E Cermak),IL,Chicago
33438,1307,224,Digital Realty CHI (350 E Cermak),IL,Chicago
14928,1307,224,Digital Realty CHI (350 E Cermak),IL,Chicago
2906,1307,224,Digital Realty CHI (350 E Cermak),IL,Chicago
32934,1307,224,Digital Realty CHI (350 E Cermak),IL,Chicago
19151,1307,224,Digital Realty CHI (350 E Cermak),IL,Chicago
11403,1307,224,Digital Realty CHI (350 E Cermak),IL,Chicago
32035,1307,224,Digital Realty CHI (350 E Cermak),IL,Chicago
394968,1307,224,Digital Realty CHI (350 E Cermak),IL,Chicago
62597,1307,224,Digital Realty CHI (350 E Cermak),IL,Chicago
21788,1307,224,Digital Realty CHI (350 E Cermak),IL,Chicago
40630,1307,224,Digital Realty CHI (350 E Cermak),IL,Chicago
13335,230,224,Digital Realty CHI (350 E Cermak),IL,Chicago
132203,230,224,Digital Realty CHI (350 E Cermak),IL,Chicago
4775,230,224,Digital Realty CHI (350 E Cermak),IL,Chicago
20940,230,224,Digital Realty CHI (350 E Cermak),IL,Chicago
32787,230,224,Digital Realty CHI (350 E Cermak),IL,Chicago
852,230,224,Digital Realty CHI (350 E Cermak),IL,Chicago
1239,230,224,Digital Realty CHI (350 E Cermak),IL,Chicago
40676,230,224,Digital Realty CHI (350 E Cermak),IL,Chicago
199524,230,224,Digital Realty CHI (350 E Cermak),IL,Chicago
2914,230,224,Digital Realty CHI (350 E Cermak),IL,Chicago
20473,230,224,Digital Realty CHI (350 E Cermak),IL,Chicago
16509,230,224,Digital Realty CHI (350 E Cermak),IL,Chicago
8075,230,224,Digital Realty CHI (350 E Cermak),IL,Chicago
36351,230,224,Digital Realty CHI (350 E Cermak),IL,Chicago
16276,230,224,Digital Realty CHI (350 E Cermak),IL,Chicago
57976,230,224,Digital Realty CHI (350 E Cermak),IL,Chicago
14537,230,224,Digital Realty CHI (350 E Cermak),IL,Chicago
15133,230,224,Digital Realty CHI (350 E Cermak),IL,Chicago
137409,230,224,Digital Realty CHI (350 E Cermak),IL,Chicago
398465,230,224,Digital Realty CHI (350 E Cermak),IL,Chicago
6939,230,224,Digital Realty CHI (350 E Cermak),IL,Chicago
1828,230,224,Digital Realty CHI (350 E Cermak),IL,Chicago
13030,230,224,Digital Realty CHI (350 E Cermak),IL,Chicago
49544,230,224,Digital Realty CHI (350 E Cermak),IL,Chicago
32181,230,224,Digital Realty CHI (350 E Cermak),IL,Chicago
855,230,224,Digital Realty CHI (350 E Cermak),IL,Chicago
668,230,224,Digital Realty CHI (350 E Cermak),IL,Chicago
396238,230,224,Digital Realty CHI (350 E Cermak),IL,Chicago
32798,230,224,Digital Realty CHI (350 E Cermak),IL,Chicago
15169,230,224,Digital Realty CHI (350 E Cermak),IL,Chicago
23393,230,224,Digital Realty CHI (350 E Cermak),IL,Chicago
21859,230,224,Digital Realty CHI (350 E Cermak),IL,Chicago
22616,230,224,Digital Realty CHI (350 E Cermak),IL,Chicago
54994,230,224,Digital Realty CHI (350 E Cermak),IL,Chicago
13727,230,224,Digital Realty CHI (350 E Cermak),IL,Chicago
62955,230,224,Digital Realty CHI (350 E Cermak),IL,Chicago
11272,230,224,Digital Realty CHI (350 E Cermak),IL,Chicago
17117,230,224,Digital Realty CHI (350 E Cermak),IL,Chicago
17253,230,224,Digital Realty CHI (350 E Cermak),IL,Chicago
55219,230,224,Digital Realty CHI (350 E Cermak),IL,Chicago
7029,230,224,Digital Realty CHI (350 E Cermak),IL,Chicago
27202,230,224,Digital Realty CHI (350 E Cermak),IL,Chicago
46562,230,224,Digital Realty CHI (350 E Cermak),IL,Chicago
19754,230,224,Digital Realty CHI (350 E Cermak),IL,Chicago
14340,230,224,Digital Realty CHI (350 E Cermak),IL,Chicago
4826,230,224,Digital Realty CHI (350 E Cermak),IL,Chicago
7843,230,224,Digital Realty CHI (350 E Cermak),IL,Chicago
20115,230,224,Digital Realty CHI (350 E Cermak),IL,Chicago
714,230,224,Digital Realty CHI (350 E Cermak),IL,Chicago
46450,230,224,Digital Realty CHI (350 E Cermak),IL,Chicago
396998,230,224,Digital Realty CHI (350 E Cermak),IL,Chicago
12083,230,224,Digital Realty CHI (350 E Cermak),IL,Chicago
4181,230,224,Digital Realty CHI (350 E Cermak),IL,Chicago
32748,230,224,Digital Realty CHI (350 E Cermak),IL,Chicago
22995,230,224,Digital Realty CHI (350 E Cermak),IL,Chicago
577,230,224,Digital Realty CHI (350 E Cermak),IL,Chicago
812,230,224,Digital Realty CHI (350 E Cermak),IL,Chicago
10242,230,224,Digital Realty CHI (350 E Cermak),IL,Chicago
13445,230,224,Digital Realty CHI (350 E Cermak),IL,Chicago
5645,230,224,Digital Realty CHI (350 E Cermak),IL,Chicago
40788,230,224,Digital Realty CHI (350 E Cermak),IL,Chicago
33438,230,224,Digital Realty CHI (350 E Cermak),IL,Chicago
16552,230,224,Digital Realty CHI (350 E Cermak),IL,Chicago
62887,230,224,Digital Realty CHI (350 E Cermak),IL,Chicago
7795,230,224,Digital Realty CHI (350 E Cermak),IL,Chicago
5650,230,224,Digital Realty CHI (350 E Cermak),IL,Chicago
237,230,224,Digital Realty CHI (350 E Cermak),IL,Chicago
13428,230,224,Digital Realty CHI (350 E Cermak),IL,Chicago
54113,230,224,Digital Realty CHI (350 E Cermak),IL,Chicago
46489,230,224,Digital Realty CHI (350 E Cermak),IL,Chicago
6461,230,224,Digital Realty CHI (350 E Cermak),IL,Chicago
53610,230,224,Digital Realty CHI (350 E Cermak),IL,Chicago
29838,230,224,Digital Realty CHI (350 E Cermak),IL,Chicago
14928,230,224,Digital Realty CHI (350 E Cermak),IL,Chicago
23473,230,224,Digital Realty CHI (350 E Cermak),IL,Chicago
53597,230,224,Digital Realty CHI (350 E Cermak),IL,Chicago
16591,230,224,Digital Realty CHI (350 E Cermak),IL,Chicago
5769,230,224,Digital Realty CHI (350 E Cermak),IL,Chicago
2906,230,224,Digital Realty CHI (350 E Cermak),IL,Chicago
32703,230,224,Digital Realty CHI (350 E Cermak),IL,Chicago
7794,230,224,Digital Realty CHI (350 E Cermak),IL,Chicago
19108,230,224,Digital Realty CHI (350 E Cermak),IL,Chicago
6128,230,224,Digital Realty CHI (350 E Cermak),IL,Chicago
11232,230,224,Digital Realty CHI (350 E Cermak),IL,Chicago
13807,230,224,Digital Realty CHI (350 E Cermak),IL,Chicago
3737,230,224,Digital Realty CHI (350 E Cermak),IL,Chicago
6327,230,224,Digital Realty CHI (350 E Cermak),IL,Chicago
21804,230,224,Digital Realty CHI (350 E Cermak),IL,Chicago
11260,230,224,Digital Realty CHI (350 E Cermak),IL,Chicago
6079,230,224,Digital Realty CHI (350 E Cermak),IL,Chicago
13855,230,224,Digital Realty CHI (350 E Cermak),IL,Chicago
21928,230,224,Digital Realty CHI (350 E Cermak),IL,Chicago
8047,230,224,Digital Realty CHI (350 E Cermak),IL,Chicago
19016,230,224,Digital Realty CHI (350 E Cermak),IL,Chicago
8220,230,224,Digital Realty CHI (350 E Cermak),IL,Chicago
10310,230,224,Digital Realty CHI (350 E Cermak),IL,Chicago
32934,230,224,Digital Realty CHI (350 E Cermak),IL,Chicago
1547,230,224,Digital Realty CHI (350 E Cermak),IL,Chicago
15695,230,224,Digital Realty CHI (350 E Cermak),IL,Chicago
12129,230,224,Digital Realty CHI (350 E Cermak),IL,Chicago
39386,230,224,Digital Realty CHI (350 E Cermak),IL,Chicago
11550,230,224,Digital Realty CHI (350 E Cermak),IL,Chicago
11686,230,224,Digital Realty CHI (350 E Cermak),IL,Chicago
395570,230,224,Digital Realty CHI (350 E Cermak),IL,Chicago
27630,230,224,Digital Realty CHI (350 E Cermak),IL,Chicago
393950,230,224,Digital Realty CHI (350 E Cermak),IL,Chicago
15092,230,224,Digital Realty CHI (350 E Cermak),IL,Chicago
64208,230,224,Digital Realty CHI (350 E Cermak),IL,Chicago
63242,230,224,Digital Realty CHI (350 E Cermak),IL,Chicago
26223,230,224,Digital Realty CHI (350 E Cermak),IL,Chicago
22822,230,224,Digital Realty CHI (350 E Cermak),IL,Chicago
19551,230,224,Digital Realty CHI (350 E Cermak),IL,Chicago
6507,230,224,Digital Realty CHI (350 E Cermak),IL,Chicago
15412,230,224,Digital Realty CHI (350 E Cermak),IL,Chicago
7332,230,224,Digital Realty CHI (350 E Cermak),IL,Chicago
17054,230,224,Digital Realty CHI (350 E Cermak),IL,Chicago
15305,230,224,Digital Realty CHI (350 E Cermak),IL,Chicago
53828,230,224,Digital Realty CHI (350 E Cermak),IL,Chicago
11979,230,224,Digital Realty CHI (350 E Cermak),IL,Chicago
19679,230,224,Digital Realty CHI (350 E Cermak),IL,Chicago
6181,230,224,Digital Realty CHI (350 E Cermak),IL,Chicago
30081,230,224,Digital Realty CHI (350 E Cermak),IL,Chicago
41095,230,224,Digital Realty CHI (350 E Cermak),IL,Chicago
2635,230,224,Digital Realty CHI (350 E Cermak),IL,Chicago
24482,230,224,Digital Realty CHI (350 E Cermak),IL,Chicago
32244,230,224,Digital Realty CHI (350 E Cermak),IL,Chicago
3303,230,224,Digital Realty CHI (350 E Cermak),IL,Chicago
30600,230,224,Digital Realty CHI (350 E Cermak),IL,Chicago
8560,230,224,Digital Realty CHI (350 E Cermak),IL,Chicago
46811,230,224,Digital Realty CHI (350 E Cermak),IL,Chicago
11377,230,224,Digital Realty CHI (350 E Cermak),IL,Chicago
11114,230,224,Digital Realty CHI (350 E Cermak),IL,Chicago
62642,230,224,Digital Realty CHI (350 E Cermak),IL,Chicago
3300,230,224,Digital Realty CHI (350 E Cermak),IL,Chicago
26133,230,224,Digital Realty CHI (350 E Cermak),IL,Chicago
32709,230,224,Digital Realty CHI (350 E Cermak),IL,Chicago
19151,230,224,Digital Realty CHI (350 E Cermak),IL,Chicago
47095,230,224,Digital Realty CHI (350 E Cermak),IL,Chicago
17143,230,224,Digital Realty CHI (350 E Cermak),IL,Chicago
4150,230,224,Digital Realty CHI (350 E Cermak),IL,Chicago
32035,230,224,Digital Realty CHI (350 E Cermak),IL,Chicago
42,230,224,Digital Realty CHI (350 E Cermak),IL,Chicago
17306,230,224,Digital Realty CHI (350 E Cermak),IL,Chicago
53766,230,224,Digital Realty CHI (350 E Cermak),IL,Chicago
4927,230,224,Digital Realty CHI (350 E Cermak),IL,Chicago
14363,230,224,Digital Realty CHI (350 E Cermak),IL,Chicago
7342,230,224,Digital Realty CHI (350 E Cermak),IL,Chicago
19653,230,224,Digital Realty CHI (350 E Cermak),IL,Chicago
11796,230,224,Digital Realty CHI (350 E Cermak),IL,Chicago
11164,230,224,Digital Realty CHI (350 E Cermak),IL,Chicago
13414,230,224,Digital Realty CHI (350 E Cermak),IL,Chicago
14586,230,224,Digital Realty CHI (350 E Cermak),IL,Chicago
393713,230,224,Digital Realty CHI (350 E Cermak),IL,Chicago
30517,230,224,Digital Realty CHI (350 E Cermak),IL,Chicago
4581,230,224,Digital Realty CHI (350 E Cermak),IL,Chicago
27216,230,224,Digital Realty CHI (350 E Cermak),IL,Chicago
29791,230,224,Digital Realty CHI (350 E Cermak),IL,Chicago
6325,230,224,Digital Realty CHI (350 E Cermak),IL,Chicago
803,230,224,Digital Realty CHI (350 E Cermak),IL,Chicago
21949,230,224,Digital Realty CHI (350 E Cermak),IL,Chicago
26554,230,224,Digital Realty CHI (350 E Cermak),IL,Chicago
394111,230,224,Digital Realty CHI (350 E Cermak),IL,Chicago
23404,230,224,Digital Realty CHI (350 E Cermak),IL,Chicago
19310,230,224,Digital Realty CHI (350 E Cermak),IL,Chicago
64255,230,224,Digital Realty CHI (350 E Cermak),IL,Chicago
394749,230,224,Digital Realty CHI (350 E Cermak),IL,Chicago
14609,230,224,Digital Realty CHI (350 E Cermak),IL,Chicago
19930,230,224,Digital Realty CHI (350 E Cermak),IL,Chicago
62856,230,224,Digital Realty CHI (350 E Cermak),IL,Chicago
23367,230,224,Digital Realty CHI (350 E Cermak),IL,Chicago
600,230,224,Digital Realty CHI (350 E Cermak),IL,Chicago
20021,230,224,Digital Realty CHI (350 E Cermak),IL,Chicago
6368,230,224,Digital Realty CHI (350 E Cermak),IL,Chicago
32160,230,224,Digital Realty CHI (350 E Cermak),IL,Chicago
11666,230,224,Digital Realty CHI (350 E Cermak),IL,Chicago
40627,230,224,Digital Realty CHI (350 E Cermak),IL,Chicago
18683,230,224,Digital Realty CHI (350 E Cermak),IL,Chicago
26068,230,224,Digital Realty CHI (350 E Cermak),IL,Chicago
9505,230,224,Digital Realty CHI (350 E Cermak),IL,Chicago
396905,230,224,Digital Realty CHI (350 E Cermak),IL,Chicago
399541,230,224,Digital Realty CHI (350 E Cermak),IL,Chicago
12033,230,224,Digital Realty CHI (350 E Cermak),IL,Chicago
18596,230,224,Digital Realty CHI (350 E Cermak),IL,Chicago
12189,230,224,Digital Realty CHI (350 E Cermak),IL,Chicago
7829,230,224,Digital Realty CHI (350 E Cermak),IL,Chicago
20340,230,224,Digital Realty CHI (350 E Cermak),IL,Chicago
36692,230,224,Digital Realty CHI (350 E Cermak),IL,Chicago
46632,230,224,Digital Realty CHI (350 E Cermak),IL,Chicago
1640,230,224,Digital Realty CHI (350 E Cermak),IL,Chicago
21808,230,224,Digital Realty CHI (350 E Cermak),IL,Chicago
22438,230,224,Digital Realty CHI (350 E Cermak),IL,Chicago
26744,230,224,Digital Realty CHI (350 E Cermak),IL,Chicago
46873,230,224,Digital Realty CHI (350 E Cermak),IL,Chicago
33353,230,224,Digital Realty CHI (350 E Cermak),IL,Chicago
3856,230,224,Digital Realty CHI (350 E Cermak),IL,Chicago
10423,230,224,Digital Realty CHI (350 E Cermak),IL,Chicago
396986,230,224,Digital Realty CHI (350 E Cermak),IL,Chicago
12200,230,224,Digital Realty CHI (350 E Cermak),IL,Chicago
11062,230,224,Digital Realty CHI (350 E Cermak),IL,Chicago
398143,230,224,Digital Realty CHI (350 E Cermak),IL,Chicago
25885,230,224,Digital Realty CHI (350 E Cermak),IL,Chicago
44444,230,224,Digital Realty CHI (350 E Cermak),IL,Chicago
54825,230,224,Digital Realty CHI (350 E Cermak),IL,Chicago
14907,230,224,Digital Realty CHI (350 E Cermak),IL,Chicago
19008,230,224,Digital Realty CHI (350 E Cermak),IL,Chicago
396253,230,224,Digital Realty CHI (350 E Cermak),IL,Chicago
7057,230,224,Digital Realty CHI (350 E Cermak),IL,Chicago
32590,230,224,Digital Realty CHI (350 E Cermak),IL,Chicago
63399,230,224,Digital Realty CHI (350 E Cermak),IL,Chicago
14630,230,224,Digital Realty CHI (350 E Cermak),IL,Chicago
22697,230,224,Digital Realty CHI (350 E Cermak),IL,Chicago
8360,230,224,Digital Realty CHI (350 E Cermak),IL,Chicago
393891,230,224,Digital Realty CHI (350 E Cermak),IL,Chicago
2603,230,224,Digital Realty CHI (350 E Cermak),IL,Chicago
32261,230,224,Digital Realty CHI (350 E Cermak),IL,Chicago
293,230,224,Digital Realty CHI (350 E Cermak),IL,Chicago
36001,230,224,Digital Realty CHI (350 E Cermak),IL,Chicago
2381,230,224,Digital Realty CHI (350 E Cermak),IL,Chicago
17350,230,224,Digital Realty CHI (350 E Cermak),IL,Chicago
20253,230,224,Digital Realty CHI (350 E Cermak),IL,Chicago
32067,230,224,Digital Realty CHI (350 E Cermak),IL,Chicago
6122,230,224,Digital Realty CHI (350 E Cermak),IL,Chicago
19834,230,224,Digital Realty CHI (350 E Cermak),IL,Chicago
7772,230,224,Digital Realty CHI (350 E Cermak),IL,Chicago
55247,230,224,Digital Realty CHI (350 E Cermak),IL,Chicago
53991,230,224,Digital Realty CHI (350 E Cermak),IL,Chicago
23467,230,224,Digital Realty CHI (350 E Cermak),IL,Chicago
6614,230,224,Digital Realty CHI (350 E Cermak),IL,Chicago
11870,230,224,Digital Realty CHI (350 E Cermak),IL,Chicago
26989,230,224,Digital Realty CHI (350 E Cermak),IL,Chicago
54827,230,224,Digital Realty CHI (350 E Cermak),IL,Chicago
11142,230,224,Digital Realty CHI (350 E Cermak),IL,Chicago
54035,230,224,Digital Realty CHI (350 E Cermak),IL,Chicago
3465,230,224,Digital Realty CHI (350 E Cermak),IL,Chicago
33071,230,224,Digital Realty CHI (350 E Cermak),IL,Chicago
396960,230,224,Digital Realty CHI (350 E Cermak),IL,Chicago
12265,230,224,Digital Realty CHI (350 E Cermak),IL,Chicago
400328,230,224,Digital Realty CHI (350 E Cermak),IL,Chicago
36184,230,224,Digital Realty CHI (350 E Cermak),IL,Chicago
40752,230,224,Digital Realty CHI (350 E Cermak),IL,Chicago
26838,230,224,Digital Realty CHI (350 E Cermak),IL,Chicago
13335,503,224,Digital Realty CHI (350 E Cermak),IL,Chicago
20940,503,224,Digital Realty CHI (350 E Cermak),IL,Chicago
6939,503,224,Digital Realty CHI (350 E Cermak),IL,Chicago
26312,503,224,Digital Realty CHI (350 E Cermak),IL,Chicago
12243,503,224,Digital Realty CHI (350 E Cermak),IL,Chicago
18615,503,224,Digital Realty CHI (350 E Cermak),IL,Chicago
13807,503,224,Digital Realty CHI (350 E Cermak),IL,Chicago
11550,503,224,Digital Realty CHI (350 E Cermak),IL,Chicago
394356,503,224,Digital Realty CHI (350 E Cermak),IL,Chicago
40604,503,224,Digital Realty CHI (350 E Cermak),IL,Chicago
19112,503,224,Digital Realty CHI (350 E Cermak),IL,Chicago
11114,503,224,Digital Realty CHI (350 E Cermak),IL,Chicago
32709,503,224,Digital Realty CHI (350 E Cermak),IL,Chicago
19151,503,224,Digital Realty CHI (350 E Cermak),IL,Chicago
11525,503,224,Digital Realty CHI (350 E Cermak),IL,Chicago
42,503,224,Digital Realty CHI (350 E Cermak),IL,Chicago
46231,503,224,Digital Realty CHI (350 E Cermak),IL,Chicago
20193,503,224,Digital Realty CHI (350 E Cermak),IL,Chicago
54225,503,224,Digital Realty CHI (350 E Cermak),IL,Chicago
30691,503,224,Digital Realty CHI (350 E Cermak),IL,Chicago
968,503,224,Digital Realty CHI (350 E Cermak),IL,Chicago
3856,503,224,Digital Realty CHI (350 E Cermak),IL,Chicago
63293,503,224,Digital Realty CHI (350 E Cermak),IL,Chicago
63060,503,224,Digital Realty CHI (350 E Cermak),IL,Chicago
399332,503,224,Digital Realty CHI (350 E Cermak),IL,Chicago
14333,503,224,Digital Realty CHI (350 E Cermak),IL,Chicago
19782,503,224,Digital Realty CHI (350 E Cermak),IL,Chicago
396841,503,224,Digital Realty CHI (350 E Cermak),IL,Chicago
27353,503,224,Digital Realty CHI (350 E Cermak),IL,Chicago
54039,503,224,Digital Realty CHI (350 E Cermak),IL,Chicago
11990,503,224,Digital Realty CHI (350 E Cermak),IL,Chicago
11142,503,224,Digital Realty CHI (350 E Cermak),IL,Chicago
62612,503,224,Digital Realty CHI (350 E Cermak),IL,Chicago
393853,503,224,Digital Realty CHI (350 E Cermak),IL,Chicago
395126,503,224,Digital Realty CHI (350 E Cermak),IL,Chicago
11946,503,224,Digital Realty CHI (350 E Cermak),IL,Chicago
13335,811,224,Digital Realty CHI (350 E Cermak),IL,Chicago
20940,811,224,Digital Realty CHI (350 E Cermak),IL,Chicago
199524,811,224,Digital Realty CHI (350 E Cermak),IL,Chicago
16509,811,224,Digital Realty CHI (350 E Cermak),IL,Chicago
8075,811,224,Digital Realty CHI (350 E Cermak),IL,Chicago
25697,811,224,Digital Realty CHI (350 E Cermak),IL,Chicago
6939,811,224,Digital Realty CHI (350 E Cermak),IL,Chicago
46261,811,224,Digital Realty CHI (350 E Cermak),IL,Chicago
15169,811,224,Digital Realty CHI (350 E Cermak),IL,Chicago
2734,811,224,Digital Realty CHI (350 E Cermak),IL,Chicago
4455,811,224,Digital Realty CHI (350 E Cermak),IL,Chicago
55256,811,224,Digital Realty CHI (350 E Cermak),IL,Chicago
14340,811,224,Digital Realty CHI (350 E Cermak),IL,Chicago
7843,811,224,Digital Realty CHI (350 E Cermak),IL,Chicago
20115,811,224,Digital Realty CHI (350 E Cermak),IL,Chicago
12083,811,224,Digital Realty CHI (350 E Cermak),IL,Chicago
47869,811,224,Digital Realty CHI (350 E Cermak),IL,Chicago
22995,811,224,Digital Realty CHI (350 E Cermak),IL,Chicago
20278,811,224,Digital Realty CHI (350 E Cermak),IL,Chicago
32899,811,224,Digital Realty CHI (350 E Cermak),IL,Chicago
397095,811,224,Digital Realty CHI (350 E Cermak),IL,Chicago
4556,811,224,Digital Realty CHI (350 E Cermak),IL,Chicago
53610,811,224,Digital Realty CHI (350 E Cermak),IL,Chicago
12243,811,224,Digital Realty CHI (350 E Cermak),IL,Chicago
399663,811,224,Digital Realty CHI (350 E Cermak),IL,Chicago
53597,811,224,Digital Realty CHI (350 E Cermak),IL,Chicago
2906,811,224,Digital Realty CHI (350 E Cermak),IL,Chicago
10310,811,224,Digital Realty CHI (350 E Cermak),IL,Chicago
32934,811,224,Digital Realty CHI (350 E Cermak),IL,Chicago
6507,811,224,Digital Realty CHI (350 E Cermak),IL,Chicago
58907,811,224,Digital Realty CHI (350 E Cermak),IL,Chicago
53828,811,224,Digital Realty CHI (350 E Cermak),IL,Chicago
7155,811,224,Digital Realty CHI (350 E Cermak),IL,Chicago
19151,811,224,Digital Realty CHI (350 E Cermak),IL,Chicago
42,811,224,Digital Realty CHI (350 E Cermak),IL,Chicago
15042,811,224,Digital Realty CHI (350 E Cermak),IL,Chicago
53264,811,224,Digital Realty CHI (350 E Cermak),IL,Chicago
31845,811,224,Digital Realty CHI (350 E Cermak),IL,Chicago
26554,811,224,Digital Realty CHI (350 E Cermak),IL,Chicago
36086,811,224,Digital Realty CHI (350 E Cermak),IL,Chicago
23367,811,224,Digital Realty CHI (350 E Cermak),IL,Chicago
14593,811,224,Digital Realty CHI (350 E Cermak),IL,Chicago
6473,811,224,Digital Realty CHI (350 E Cermak),IL,Chicago
394968,811,224,Digital Realty CHI (350 E Cermak),IL,Chicago
3856,811,224,Digital Realty CHI (350 E Cermak),IL,Chicago
134521,811,224,Digital Realty CHI (350 E Cermak),IL,Chicago
63399,811,224,Digital Realty CHI (350 E Cermak),IL,Chicago
30455,811,224,Digital Realty CHI (350 E Cermak),IL,Chicago
17210,811,224,Digital Realty CHI (350 E Cermak),IL,Chicago
393891,811,224,Digital Realty CHI (350 E Cermak),IL,Chicago
63014,811,224,Digital Realty CHI (350 E Cermak),IL,Chicago
32261,811,224,Digital Realty CHI (350 E Cermak),IL,Chicago
36001,811,224,Digital Realty CHI (350 E Cermak),IL,Chicago
2381,811,224,Digital Realty CHI (350 E Cermak),IL,Chicago
14333,811,224,Digital Realty CHI (350 E Cermak),IL,Chicago
63311,811,224,Digital Realty CHI (350 E Cermak),IL,Chicago
398868,811,224,Digital Realty CHI (350 E Cermak),IL,Chicago
19255,811,224,Digital Realty CHI (350 E Cermak),IL,Chicago
26415,811,224,Digital Realty CHI (350 E Cermak),IL,Chicago
112,811,224,Digital Realty CHI (350 E Cermak),IL,Chicago
11142,811,224,Digital Realty CHI (350 E Cermak),IL,Chicago
393853,811,224,Digital Realty CHI (350 E Cermak),IL,Chicago
32425,811,224,Digital Realty CHI (350 E Cermak),IL,Chicago
40165,811,224,Digital Realty CHI (350 E Cermak),IL,Chicago
40764,811,224,Digital Realty CHI (350 E Cermak),IL,Chicago
199524,983,224,Digital Realty CHI (350 E Cermak),IL,Chicago
36351,983,224,Digital Realty CHI (350 E Cermak),IL,Chicago
6939,983,224,Digital Realty CHI (350 E Cermak),IL,Chicago
1828,983,224,Digital Realty CHI (350 E Cermak),IL,Chicago
15169,983,224,Digital Realty CHI (350 E Cermak),IL,Chicago
29802,983,224,Digital Realty CHI (350 E Cermak),IL,Chicago
16591,983,224,Digital Realty CHI (350 E Cermak),IL,Chicago
32934,983,224,Digital Realty CHI (350 E Cermak),IL,Chicago
11758,983,224,Digital Realty CHI (350 E Cermak),IL,Chicago
36086,983,224,Digital Realty CHI (350 E Cermak),IL,Chicago
22873,315,224,Digital Realty CHI (350 E Cermak),IL,Chicago
13335,6,593,CME Cermak,IL,Chicago
16509,6,593,CME Cermak,IL,Chicago
8075,6,593,CME Cermak,IL,Chicago
57976,6,593,CME Cermak,IL,Chicago
15133,6,593,CME Cermak,IL,Chicago
6939,6,593,CME Cermak,IL,Chicago
15169,6,593,CME Cermak,IL,Chicago
55256,6,593,CME Cermak,IL,Chicago
14340,6,593,CME Cermak,IL,Chicago
32748,6,593,CME Cermak,IL,Chicago
32899,6,593,CME Cermak,IL,Chicago
23473,6,593,CME Cermak,IL,Chicago
10310,6,593,CME Cermak,IL,Chicago
396850,6,593,CME Cermak,IL,Chicago
22822,6,593,CME Cermak,IL,Chicago
58907,6,593,CME Cermak,IL,Chicago
9304,6,593,CME Cermak,IL,Chicago
42,6,593,CME Cermak,IL,Chicago
30517,6,593,CME Cermak,IL,Chicago
23367,6,593,CME Cermak,IL,Chicago
16524,6,593,CME Cermak,IL,Chicago
3856,6,593,CME Cermak,IL,Chicago
12200,6,593,CME Cermak,IL,Chicago
44444,6,593,CME Cermak,IL,Chicago
397494,6,593,CME Cermak,IL,Chicago
22425,6,593,CME Cermak,IL,Chicago
13335,1181,6,Equinix CH1/CH2/CH4 - Chicago,IL,Chicago
15133,1181,6,Equinix CH1/CH2/CH4 - Chicago,IL,Chicago
13335,230,6,Equinix CH1/CH2/CH4 - Chicago,IL,Chicago
132203,230,6,Equinix CH1/CH2/CH4 - Chicago,IL,Chicago
4775,230,6,Equinix CH1/CH2/CH4 - Chicago,IL,Chicago
20940,230,6,Equinix CH1/CH2/CH4 - Chicago,IL,Chicago
32787,230,6,Equinix CH1/CH2/CH4 - Chicago,IL,Chicago
852,230,6,Equinix CH1/CH2/CH4 - Chicago,IL,Chicago
1239,230,6,Equinix CH1/CH2/CH4 - Chicago,IL,Chicago
40676,230,6,Equinix CH1/CH2/CH4 - Chicago,IL,Chicago
199524,230,6,Equinix CH1/CH2/CH4 - Chicago,IL,Chicago
2914,230,6,Equinix CH1/CH2/CH4 - Chicago,IL,Chicago
20473,230,6,Equinix CH1/CH2/CH4 - Chicago,IL,Chicago
16509,230,6,Equinix CH1/CH2/CH4 - Chicago,IL,Chicago
8075,230,6,Equinix CH1/CH2/CH4 - Chicago,IL,Chicago
36351,230,6,Equinix CH1/CH2/CH4 - Chicago,IL,Chicago
16276,230,6,Equinix CH1/CH2/CH4 - Chicago,IL,Chicago
57976,230,6,Equinix CH1/CH2/CH4 - Chicago,IL,Chicago
14537,230,6,Equinix CH1/CH2/CH4 - Chicago,IL,Chicago
15133,230,6,Equinix CH1/CH2/CH4 - Chicago,IL,Chicago
137409,230,6,Equinix CH1/CH2/CH4 - Chicago,IL,Chicago
398465,230,6,Equinix CH1/CH2/CH4 - Chicago,IL,Chicago
6939,230,6,Equinix CH1/CH2/CH4 - Chicago,IL,Chicago
1828,230,6,Equinix CH1/CH2/CH4 - Chicago,IL,Chicago
13030,230,6,Equinix CH1/CH2/CH4 - Chicago,IL,Chicago
49544,230,6,Equinix CH1/CH2/CH4 - Chicago,IL,Chicago
32181,230,6,Equinix CH1/CH2/CH4 - Chicago,IL,Chicago
855,230,6,Equinix CH1/CH2/CH4 - Chicago,IL,Chicago
668,230,6,Equinix CH1/CH2/CH4 - Chicago,IL,Chicago
396238,230,6,Equinix CH1/CH2/CH4 - Chicago,IL,Chicago
32798,230,6,Equinix CH1/CH2/CH4 - Chicago,IL,Chicago
15169,230,6,Equinix CH1/CH2/CH4 - Chicago,IL,Chicago
23393,230,6,Equinix CH1/CH2/CH4 - Chicago,IL,Chicago
21859,230,6,Equinix CH1/CH2/CH4 - Chicago,IL,Chicago
22616,230,6,Equinix CH1/CH2/CH4 - Chicago,IL,Chicago
54994,230,6,Equinix CH1/CH2/CH4 - Chicago,IL,Chicago
13727,230,6,Equinix CH1/CH2/CH4 - Chicago,IL,Chicago
62955,230,6,Equinix CH1/CH2/CH4 - Chicago,IL,Chicago
11272,230,6,Equinix CH1/CH2/CH4 - Chicago,IL,Chicago
17117,230,6,Equinix CH1/CH2/CH4 - Chicago,IL,Chicago
17253,230,6,Equinix CH1/CH2/CH4 - Chicago,IL,Chicago
55219,230,6,Equinix CH1/CH2/CH4 - Chicago,IL,Chicago
7029,230,6,Equinix CH1/CH2/CH4 - Chicago,IL,Chicago
27202,230,6,Equinix CH1/CH2/CH4 - Chicago,IL,Chicago
46562,230,6,Equinix CH1/CH2/CH4 - Chicago,IL,Chicago
19754,230,6,Equinix CH1/CH2/CH4 - Chicago,IL,Chicago
14340,230,6,Equinix CH1/CH2/CH4 - Chicago,IL,Chicago
4826,230,6,Equinix CH1/CH2/CH4 - Chicago,IL,Chicago
7843,230,6,Equinix CH1/CH2/CH4 - Chicago,IL,Chicago
20115,230,6,Equinix CH1/CH2/CH4 - Chicago,IL,Chicago
714,230,6,Equinix CH1/CH2/CH4 - Chicago,IL,Chicago
46450,230,6,Equinix CH1/CH2/CH4 - Chicago,IL,Chicago
396998,230,6,Equinix CH1/CH2/CH4 - Chicago,IL,Chicago
12083,230,6,Equinix CH1/CH2/CH4 - Chicago,IL,Chicago
4181,230,6,Equinix CH1/CH2/CH4 - Chicago,IL,Chicago
32748,230,6,Equinix CH1/CH2/CH4 - Chicago,IL,Chicago
22995,230,6,Equinix CH1/CH2/CH4 - Chicago,IL,Chicago
577,230,6,Equinix CH1/CH2/CH4 - Chicago,IL,Chicago
812,230,6,Equinix CH1/CH2/CH4 - Chicago,IL,Chicago
10242,230,6,Equinix CH1/CH2/CH4 - Chicago,IL,Chicago
13445,230,6,Equinix CH1/CH2/CH4 - Chicago,IL,Chicago
5645,230,6,Equinix CH1/CH2/CH4 - Chicago,IL,Chicago
40788,230,6,Equinix CH1/CH2/CH4 - Chicago,IL,Chicago
33438,230,6,Equinix CH1/CH2/CH4 - Chicago,IL,Chicago
16552,230,6,Equinix CH1/CH2/CH4 - Chicago,IL,Chicago
62887,230,6,Equinix CH1/CH2/CH4 - Chicago,IL,Chicago
7795,230,6,Equinix CH1/CH2/CH4 - Chicago,IL,Chicago
5650,230,6,Equinix CH1/CH2/CH4 - Chicago,IL,Chicago
237,230,6,Equinix CH1/CH2/CH4 - Chicago,IL,Chicago
13428,230,6,Equinix CH1/CH2/CH4 - Chicago,IL,Chicago
54113,230,6,Equinix CH1/CH2/CH4 - Chicago,IL,Chicago
46489,230,6,Equinix CH1/CH2/CH4 - Chicago,IL,Chicago
6461,230,6,Equinix CH1/CH2/CH4 - Chicago,IL,Chicago
53610,230,6,Equinix CH1/CH2/CH4 - Chicago,IL,Chicago
29838,230,6,Equinix CH1/CH2/CH4 - Chicago,IL,Chicago
14928,230,6,Equinix CH1/CH2/CH4 - Chicago,IL,Chicago
23473,230,6,Equinix CH1/CH2/CH4 - Chicago,IL,Chicago
53597,230,6,Equinix CH1/CH2/CH4 - Chicago,IL,Chicago
16591,230,6,Equinix CH1/CH2/CH4 - Chicago,IL,Chicago
5769,230,6,Equinix CH1/CH2/CH4 - Chicago,IL,Chicago
2906,230,6,Equinix CH1/CH2/CH4 - Chicago,IL,Chicago
32703,230,6,Equinix CH1/CH2/CH4 - Chicago,IL,Chicago
7794,230,6,Equinix CH1/CH2/CH4 - Chicago,IL,Chicago
19108,230,6,Equinix CH1/CH2/CH4 - Chicago,IL,Chicago
6128,230,6,Equinix CH1/CH2/CH4 - Chicago,IL,Chicago
11232,230,6,Equinix CH1/CH2/CH4 - Chicago,IL,Chicago
13807,230,6,Equinix CH1/CH2/CH4 - Chicago,IL,Chicago
3737,230,6,Equinix CH1/CH2/CH4 - Chicago,IL,Chicago
6327,230,6,Equinix CH1/CH2/CH4 - Chicago,IL,Chicago
21804,230,6,Equinix CH1/CH2/CH4 - Chicago,IL,Chicago
11260,230,6,Equinix CH1/CH2/CH4 - Chicago,IL,Chicago
6079,230,6,Equinix CH1/CH2/CH4 - Chicago,IL,Chicago
13855,230,6,Equinix CH1/CH2/CH4 - Chicago,IL,Chicago
21928,230,6,Equinix CH1/CH2/CH4 - Chicago,IL,Chicago
8047,230,6,Equinix CH1/CH2/CH4 - Chicago,IL,Chicago
19016,230,6,Equinix CH1/CH2/CH4 - Chicago,IL,Chicago
8220,230,6,Equinix CH1/CH2/CH4 - Chicago,IL,Chicago
10310,230,6,Equinix CH1/CH2/CH4 - Chicago,IL,Chicago
32934,230,6,Equinix CH1/CH2/CH4 - Chicago,IL,Chicago
1547,230,6,Equinix CH1/CH2/CH4 - Chicago,IL,Chicago
15695,230,6,Equinix CH1/CH2/CH4 - Chicago,IL,Chicago
12129,230,6,Equinix CH1/CH2/CH4 - Chicago,IL,Chicago
39386,230,6,Equinix CH1/CH2/CH4 - Chicago,IL,Chicago
11550,230,6,Equinix CH1/CH2/CH4 - Chicago,IL,Chicago
11686,230,6,Equinix CH1/CH2/CH4 - Chicago,IL,Chicago
395570,230,6,Equinix CH1/CH2/CH4 - Chicago,IL,Chicago
27630,230,6,Equinix CH1/CH2/CH4 - Chicago,IL,Chicago
393950,230,6,Equinix CH1/CH2/CH4 - Chicago,IL,Chicago
15092,230,6,Equinix CH1/CH2/CH4 - Chicago,IL,Chicago
64208,230,6,Equinix CH1/CH2/CH4 - Chicago,IL,Chicago
63242,230,6,Equinix CH1/CH2/CH4 - Chicago,IL,Chicago
26223,230,6,Equinix CH1/CH2/CH4 - Chicago,IL,Chicago
22822,230,6,Equinix CH1/CH2/CH4 - Chicago,IL,Chicago
19551,230,6,Equinix CH1/CH2/CH4 - Chicago,IL,Chicago
6507,230,6,Equinix CH1/CH2/CH4 - Chicago,IL,Chicago
15412,230,6,Equinix CH1/CH2/CH4 - Chicago,IL,Chicago
7332,230,6,Equinix CH1/CH2/CH4 - Chicago,IL,Chicago
17054,230,6,Equinix CH1/CH2/CH4 - Chicago,IL,Chicago
15305,230,6,Equinix CH1/CH2/CH4 - Chicago,IL,Chicago
53828,230,6,Equinix CH1/CH2/CH4 - Chicago,IL,Chicago
11979,230,6,Equinix CH1/CH2/CH4 - Chicago,IL,Chicago
19679,230,6,Equinix CH1/CH2/CH4 - Chicago,IL,Chicago
6181,230,6,Equinix CH1/CH2/CH4 - Chicago,IL,Chicago
30081,230,6,Equinix CH1/CH2/CH4 - Chicago,IL,Chicago
41095,230,6,Equinix CH1/CH2/CH4 - Chicago,IL,Chicago
2635,230,6,Equinix CH1/CH2/CH4 - Chicago,IL,Chicago
24482,230,6,Equinix CH1/CH2/CH4 - Chicago,IL,Chicago
32244,230,6,Equinix CH1/CH2/CH4 - Chicago,IL,Chicago
3303,230,6,Equinix CH1/CH2/CH4 - Chicago,IL,Chicago
30600,230,6,Equinix CH1/CH2/CH4 - Chicago,IL,Chicago
8560,230,6,Equinix CH1/CH2/CH4 - Chicago,IL,Chicago
46811,230,6,Equinix CH1/CH2/CH4 - Chicago,IL,Chicago
11377,230,6,Equinix CH1/CH2/CH4 - Chicago,IL,Chicago
11114,230,6,Equinix CH1/CH2/CH4 - Chicago,IL,Chicago
62642,230,6,Equinix CH1/CH2/CH4 - Chicago,IL,Chicago
3300,230,6,Equinix CH1/CH2/CH4 - Chicago,IL,Chicago
26133,230,6,Equinix CH1/CH2/CH4 - Chicago,IL,Chicago
32709,230,6,Equinix CH1/CH2/CH4 - Chicago,IL,Chicago
19151,230,6,Equinix CH1/CH2/CH4 - Chicago,IL,Chicago
47095,230,6,Equinix CH1/CH2/CH4 - Chicago,IL,Chicago
17143,230,6,Equinix CH1/CH2/CH4 - Chicago,IL,Chicago
4150,230,6,Equinix CH1/CH2/CH4 - Chicago,IL,Chicago
32035,230,6,Equinix CH1/CH2/CH4 - Chicago,IL,Chicago
42,230,6,Equinix CH1/CH2/CH4 - Chicago,IL,Chicago
17306,230,6,Equinix CH1/CH2/CH4 - Chicago,IL,Chicago
53766,230,6,Equinix CH1/CH2/CH4 - Chicago,IL,Chicago
4927,230,6,Equinix CH1/CH2/CH4 - Chicago,IL,Chicago
14363,230,6,Equinix CH1/CH2/CH4 - Chicago,IL,Chicago
7342,230,6,Equinix CH1/CH2/CH4 - Chicago,IL,Chicago
19653,230,6,Equinix CH1/CH2/CH4 - Chicago,IL,Chicago
11796,230,6,Equinix CH1/CH2/CH4 - Chicago,IL,Chicago
11164,230,6,Equinix CH1/CH2/CH4 - Chicago,IL,Chicago
13414,230,6,Equinix CH1/CH2/CH4 - Chicago,IL,Chicago
14586,230,6,Equinix CH1/CH2/CH4 - Chicago,IL,Chicago
393713,230,6,Equinix CH1/CH2/CH4 - Chicago,IL,Chicago
30517,230,6,Equinix CH1/CH2/CH4 - Chicago,IL,Chicago
4581,230,6,Equinix CH1/CH2/CH4 - Chicago,IL,Chicago
27216,230,6,Equinix CH1/CH2/CH4 - Chicago,IL,Chicago
29791,230,6,Equinix CH1/CH2/CH4 - Chicago,IL,Chicago
6325,230,6,Equinix CH1/CH2/CH4 - Chicago,IL,Chicago
803,230,6,Equinix CH1/CH2/CH4 - Chicago,IL,Chicago
21949,230,6,Equinix CH1/CH2/CH4 - Chicago,IL,Chicago
26554,230,6,Equinix CH1/CH2/CH4 - Chicago,IL,Chicago
394111,230,6,Equinix CH1/CH2/CH4 - Chicago,IL,Chicago
23404,230,6,Equinix CH1/CH2/CH4 - Chicago,IL,Chicago
19310,230,6,Equinix CH1/CH2/CH4 - Chicago,IL,Chicago
64255,230,6,Equinix CH1/CH2/CH4 - Chicago,IL,Chicago
394749,230,6,Equinix CH1/CH2/CH4 - Chicago,IL,Chicago
14609,230,6,Equinix CH1/CH2/CH4 - Chicago,IL,Chicago
19930,230,6,Equinix CH1/CH2/CH4 - Chicago,IL,Chicago
62856,230,6,Equinix CH1/CH2/CH4 - Chicago,IL,Chicago
23367,230,6,Equinix CH1/CH2/CH4 - Chicago,IL,Chicago
600,230,6,Equinix CH1/CH2/CH4 - Chicago,IL,Chicago
20021,230,6,Equinix CH1/CH2/CH4 - Chicago,IL,Chicago
6368,230,6,Equinix CH1/CH2/CH4 - Chicago,IL,Chicago
32160,230,6,Equinix CH1/CH2/CH4 - Chicago,IL,Chicago
11666,230,6,Equinix CH1/CH2/CH4 - Chicago,IL,Chicago
40627,230,6,Equinix CH1/CH2/CH4 - Chicago,IL,Chicago
18683,230,6,Equinix CH1/CH2/CH4 - Chicago,IL,Chicago
26068,230,6,Equinix CH1/CH2/CH4 - Chicago,IL,Chicago
9505,230,6,Equinix CH1/CH2/CH4 - Chicago,IL,Chicago
396905,230,6,Equinix CH1/CH2/CH4 - Chicago,IL,Chicago
399541,230,6,Equinix CH1/CH2/CH4 - Chicago,IL,Chicago
12033,230,6,Equinix CH1/CH2/CH4 - Chicago,IL,Chicago
18596,230,6,Equinix CH1/CH2/CH4 - Chicago,IL,Chicago
12189,230,6,Equinix CH1/CH2/CH4 - Chicago,IL,Chicago
7829,230,6,Equinix CH1/CH2/CH4 - Chicago,IL,Chicago
20340,230,6,Equinix CH1/CH2/CH4 - Chicago,IL,Chicago
36692,230,6,Equinix CH1/CH2/CH4 - Chicago,IL,Chicago
46632,230,6,Equinix CH1/CH2/CH4 - Chicago,IL,Chicago
1640,230,6,Equinix CH1/CH2/CH4 - Chicago,IL,Chicago
21808,230,6,Equinix CH1/CH2/CH4 - Chicago,IL,Chicago
22438,230,6,Equinix CH1/CH2/CH4 - Chicago,IL,Chicago
26744,230,6,Equinix CH1/CH2/CH4 - Chicago,IL,Chicago
46873,230,6,Equinix CH1/CH2/CH4 - Chicago,IL,Chicago
33353,230,6,Equinix CH1/CH2/CH4 - Chicago,IL,Chicago
3856,230,6,Equinix CH1/CH2/CH4 - Chicago,IL,Chicago
10423,230,6,Equinix CH1/CH2/CH4 - Chicago,IL,Chicago
396986,230,6,Equinix CH1/CH2/CH4 - Chicago,IL,Chicago
12200,230,6,Equinix CH1/CH2/CH4 - Chicago,IL,Chicago
11062,230,6,Equinix CH1/CH2/CH4 - Chicago,IL,Chicago
398143,230,6,Equinix CH1/CH2/CH4 - Chicago,IL,Chicago
25885,230,6,Equinix CH1/CH2/CH4 - Chicago,IL,Chicago
44444,230,6,Equinix CH1/CH2/CH4 - Chicago,IL,Chicago
54825,230,6,Equinix CH1/CH2/CH4 - Chicago,IL,Chicago
14907,230,6,Equinix CH1/CH2/CH4 - Chicago,IL,Chicago
19008,230,6,Equinix CH1/CH2/CH4 - Chicago,IL,Chicago
396253,230,6,Equinix CH1/CH2/CH4 - Chicago,IL,Chicago
7057,230,6,Equinix CH1/CH2/CH4 - Chicago,IL,Chicago
32590,230,6,Equinix CH1/CH2/CH4 - Chicago,IL,Chicago
63399,230,6,Equinix CH1/CH2/CH4 - Chicago,IL,Chicago
14630,230,6,Equinix CH1/CH2/CH4 - Chicago,IL,Chicago
22697,230,6,Equinix CH1/CH2/CH4 - Chicago,IL,Chicago
8360,230,6,Equinix CH1/CH2/CH4 - Chicago,IL,Chicago
393891,230,6,Equinix CH1/CH2/CH4 - Chicago,IL,Chicago
2603,230,6,Equinix CH1/CH2/CH4 - Chicago,IL,Chicago
32261,230,6,Equinix CH1/CH2/CH4 - Chicago,IL,Chicago
293,230,6,Equinix CH1/CH2/CH4 - Chicago,IL,Chicago
36001,230,6,Equinix CH1/CH2/CH4 - Chicago,IL,Chicago
2381,230,6,Equinix CH1/CH2/CH4 - Chicago,IL,Chicago
17350,230,6,Equinix CH1/CH2/CH4 - Chicago,IL,Chicago
20253,230,6,Equinix CH1/CH2/CH4 - Chicago,IL,Chicago
32067,230,6,Equinix CH1/CH2/CH4 - Chicago,IL,Chicago
6122,230,6,Equinix CH1/CH2/CH4 - Chicago,IL,Chicago
19834,230,6,Equinix CH1/CH2/CH4 - Chicago,IL,Chicago
7772,230,6,Equinix CH1/CH2/CH4 - Chicago,IL,Chicago
55247,230,6,Equinix CH1/CH2/CH4 - Chicago,IL,Chicago
53991,230,6,Equinix CH1/CH2/CH4 - Chicago,IL,Chicago
23467,230,6,Equinix CH1/CH2/CH4 - Chicago,IL,Chicago
6614,230,6,Equinix CH1/CH2/CH4 - Chicago,IL,Chicago
11870,230,6,Equinix CH1/CH2/CH4 - Chicago,IL,Chicago
26989,230,6,Equinix CH1/CH2/CH4 - Chicago,IL,Chicago
54827,230,6,Equinix CH1/CH2/CH4 - Chicago,IL,Chicago
11142,230,6,Equinix CH1/CH2/CH4 - Chicago,IL,Chicago
54035,230,6,Equinix CH1/CH2/CH4 - Chicago,IL,Chicago
3465,230,6,Equinix CH1/CH2/CH4 - Chicago,IL,Chicago
33071,230,6,Equinix CH1/CH2/CH4 - Chicago,IL,Chicago
396960,230,6,Equinix CH1/CH2/CH4 - Chicago,IL,Chicago
12265,230,6,Equinix CH1/CH2/CH4 - Chicago,IL,Chicago
400328,230,6,Equinix CH1/CH2/CH4 - Chicago,IL,Chicago
36184,230,6,Equinix CH1/CH2/CH4 - Chicago,IL,Chicago
40752,230,6,Equinix CH1/CH2/CH4 - Chicago,IL,Chicago
26838,230,6,Equinix CH1/CH2/CH4 - Chicago,IL,Chicago
13335,566,6,Equinix CH1/CH2/CH4 - Chicago,IL,Chicago
4134,566,6,Equinix CH1/CH2/CH4 - Chicago,IL,Chicago
20940,566,6,Equinix CH1/CH2/CH4 - Chicago,IL,Chicago
6762,566,6,Equinix CH1/CH2/CH4 - Chicago,IL,Chicago
9009,566,6,Equinix CH1/CH2/CH4 - Chicago,IL,Chicago
199524,566,6,Equinix CH1/CH2/CH4 - Chicago,IL,Chicago
39120,566,6,Equinix CH1/CH2/CH4 - Chicago,IL,Chicago
34224,566,6,Equinix CH1/CH2/CH4 - Chicago,IL,Chicago
16509,566,6,Equinix CH1/CH2/CH4 - Chicago,IL,Chicago
8075,566,6,Equinix CH1/CH2/CH4 - Chicago,IL,Chicago
24940,566,6,Equinix CH1/CH2/CH4 - Chicago,IL,Chicago
31042,566,6,Equinix CH1/CH2/CH4 - Chicago,IL,Chicago
6663,566,6,Equinix CH1/CH2/CH4 - Chicago,IL,Chicago
16276,566,6,Equinix CH1/CH2/CH4 - Chicago,IL,Chicago
57976,566,6,Equinix CH1/CH2/CH4 - Chicago,IL,Chicago
31019,566,6,Equinix CH1/CH2/CH4 - Chicago,IL,Chicago
12956,566,6,Equinix CH1/CH2/CH4 - Chicago,IL,Chicago
25697,566,6,Equinix CH1/CH2/CH4 - Chicago,IL,Chicago
15830,566,6,Equinix CH1/CH2/CH4 - Chicago,IL,Chicago
47764,566,6,Equinix CH1/CH2/CH4 - Chicago,IL,Chicago
14061,566,6,Equinix CH1/CH2/CH4 - Chicago,IL,Chicago
15133,566,6,Equinix CH1/CH2/CH4 - Chicago,IL,Chicago
43350,566,6,Equinix CH1/CH2/CH4 - Chicago,IL,Chicago
34524,566,6,Equinix CH1/CH2/CH4 - Chicago,IL,Chicago
31200,566,6,Equinix CH1/CH2/CH4 - Chicago,IL,Chicago
39184,566,6,Equinix CH1/CH2/CH4 - Chicago,IL,Chicago
6830,566,6,Equinix CH1/CH2/CH4 - Chicago,IL,Chicago
196925,566,6,Equinix CH1/CH2/CH4 - Chicago,IL,Chicago
35805,566,6,Equinix CH1/CH2/CH4 - Chicago,IL,Chicago
6939,566,6,Equinix CH1/CH2/CH4 - Chicago,IL,Chicago
60134,566,6,Equinix CH1/CH2/CH4 - Chicago,IL,Chicago
9125,566,6,Equinix CH1/CH2/CH4 - Chicago,IL,Chicago
48011,566,6,Equinix CH1/CH2/CH4 - Chicago,IL,Chicago
34569,566,6,Equinix CH1/CH2/CH4 - Chicago,IL,Chicago
50360,566,6,Equinix CH1/CH2/CH4 - Chicago,IL,Chicago
56630,566,6,Equinix CH1/CH2/CH4 - Chicago,IL,Chicago
41327,566,6,Equinix CH1/CH2/CH4 - Chicago,IL,Chicago
21497,566,6,Equinix CH1/CH2/CH4 - Chicago,IL,Chicago
48166,566,6,Equinix CH1/CH2/CH4 - Chicago,IL,Chicago
3223,566,6,Equinix CH1/CH2/CH4 - Chicago,IL,Chicago
15169,566,6,Equinix CH1/CH2/CH4 - Chicago,IL,Chicago
36236,566,6,Equinix CH1/CH2/CH4 - Chicago,IL,Chicago
21859,566,6,Equinix CH1/CH2/CH4 - Chicago,IL,Chicago
55256,566,6,Equinix CH1/CH2/CH4 - Chicago,IL,Chicago
54994,566,6,Equinix CH1/CH2/CH4 - Chicago,IL,Chicago
52468,566,6,Equinix CH1/CH2/CH4 - Chicago,IL,Chicago
46562,566,6,Equinix CH1/CH2/CH4 - Chicago,IL,Chicago
9498,566,6,Equinix CH1/CH2/CH4 - Chicago,IL,Chicago
138322,566,6,Equinix CH1/CH2/CH4 - Chicago,IL,Chicago
4229,566,6,Equinix CH1/CH2/CH4 - Chicago,IL,Chicago
49367,566,6,Equinix CH1/CH2/CH4 - Chicago,IL,Chicago
54113,566,6,Equinix CH1/CH2/CH4 - Chicago,IL,Chicago
52376,566,6,Equinix CH1/CH2/CH4 - Chicago,IL,Chicago
2906,566,6,Equinix CH1/CH2/CH4 - Chicago,IL,Chicago
8220,566,6,Equinix CH1/CH2/CH4 - Chicago,IL,Chicago
10310,566,6,Equinix CH1/CH2/CH4 - Chicago,IL,Chicago
32934,566,6,Equinix CH1/CH2/CH4 - Chicago,IL,Chicago
57634,566,6,Equinix CH1/CH2/CH4 - Chicago,IL,Chicago
29030,566,6,Equinix CH1/CH2/CH4 - Chicago,IL,Chicago
43548,566,6,Equinix CH1/CH2/CH4 - Chicago,IL,Chicago
48584,566,6,Equinix CH1/CH2/CH4 - Chicago,IL,Chicago
60784,566,6,Equinix CH1/CH2/CH4 - Chicago,IL,Chicago
61437,566,6,Equinix CH1/CH2/CH4 - Chicago,IL,Chicago
60230,566,6,Equinix CH1/CH2/CH4 - Chicago,IL,Chicago
9050,566,6,Equinix CH1/CH2/CH4 - Chicago,IL,Chicago
8455,566,6,Equinix CH1/CH2/CH4 - Chicago,IL,Chicago
29049,566,6,Equinix CH1/CH2/CH4 - Chicago,IL,Chicago
208972,566,6,Equinix CH1/CH2/CH4 - Chicago,IL,Chicago
208287,566,6,Equinix CH1/CH2/CH4 - Chicago,IL,Chicago
12735,566,6,Equinix CH1/CH2/CH4 - Chicago,IL,Chicago
60068,566,6,Equinix CH1/CH2/CH4 - Chicago,IL,Chicago
8400,566,6,Equinix CH1/CH2/CH4 - Chicago,IL,Chicago
12577,566,6,Equinix CH1/CH2/CH4 - Chicago,IL,Chicago
34577,566,6,Equinix CH1/CH2/CH4 - Chicago,IL,Chicago
6774,566,6,Equinix CH1/CH2/CH4 - Chicago,IL,Chicago
39582,566,6,Equinix CH1/CH2/CH4 - Chicago,IL,Chicago
43205,566,6,Equinix CH1/CH2/CH4 - Chicago,IL,Chicago
39180,566,6,Equinix CH1/CH2/CH4 - Chicago,IL,Chicago
8953,566,6,Equinix CH1/CH2/CH4 - Chicago,IL,Chicago
8866,566,6,Equinix CH1/CH2/CH4 - Chicago,IL,Chicago
43561,566,6,Equinix CH1/CH2/CH4 - Chicago,IL,Chicago
29084,566,6,Equinix CH1/CH2/CH4 - Chicago,IL,Chicago
34971,566,6,Equinix CH1/CH2/CH4 - Chicago,IL,Chicago
61461,566,6,Equinix CH1/CH2/CH4 - Chicago,IL,Chicago
398448,566,6,Equinix CH1/CH2/CH4 - Chicago,IL,Chicago
26506,566,6,Equinix CH1/CH2/CH4 - Chicago,IL,Chicago
6507,566,6,Equinix CH1/CH2/CH4 - Chicago,IL,Chicago
51185,566,6,Equinix CH1/CH2/CH4 - Chicago,IL,Chicago
31287,566,6,Equinix CH1/CH2/CH4 - Chicago,IL,Chicago
267638,566,6,Equinix CH1/CH2/CH4 - Chicago,IL,Chicago
208898,566,6,Equinix CH1/CH2/CH4 - Chicago,IL,Chicago
205175,566,6,Equinix CH1/CH2/CH4 - Chicago,IL,Chicago
211826,566,6,Equinix CH1/CH2/CH4 - Chicago,IL,Chicago
41019,566,6,Equinix CH1/CH2/CH4 - Chicago,IL,Chicago
196695,566,6,Equinix CH1/CH2/CH4 - Chicago,IL,Chicago
206776,566,6,Equinix CH1/CH2/CH4 - Chicago,IL,Chicago
202513,566,6,Equinix CH1/CH2/CH4 - Chicago,IL,Chicago
41095,566,6,Equinix CH1/CH2/CH4 - Chicago,IL,Chicago
60501,566,6,Equinix CH1/CH2/CH4 - Chicago,IL,Chicago
24482,566,6,Equinix CH1/CH2/CH4 - Chicago,IL,Chicago
25198,566,6,Equinix CH1/CH2/CH4 - Chicago,IL,Chicago
60022,566,6,Equinix CH1/CH2/CH4 - Chicago,IL,Chicago
34927,566,6,Equinix CH1/CH2/CH4 - Chicago,IL,Chicago
44901,566,6,Equinix CH1/CH2/CH4 - Chicago,IL,Chicago
39405,566,6,Equinix CH1/CH2/CH4 - Chicago,IL,Chicago
61135,566,6,Equinix CH1/CH2/CH4 - Chicago,IL,Chicago
41897,566,6,Equinix CH1/CH2/CH4 - Chicago,IL,Chicago
28329,566,6,Equinix CH1/CH2/CH4 - Chicago,IL,Chicago
61844,566,6,Equinix CH1/CH2/CH4 - Chicago,IL,Chicago
266925,566,6,Equinix CH1/CH2/CH4 - Chicago,IL,Chicago
267056,566,6,Equinix CH1/CH2/CH4 - Chicago,IL,Chicago
268235,566,6,Equinix CH1/CH2/CH4 - Chicago,IL,Chicago
25206,566,6,Equinix CH1/CH2/CH4 - Chicago,IL,Chicago
16178,566,6,Equinix CH1/CH2/CH4 - Chicago,IL,Chicago
51426,566,6,Equinix CH1/CH2/CH4 - Chicago,IL,Chicago
25467,566,6,Equinix CH1/CH2/CH4 - Chicago,IL,Chicago
8280,566,6,Equinix CH1/CH2/CH4 - Chicago,IL,Chicago
25549,566,6,Equinix CH1/CH2/CH4 - Chicago,IL,Chicago
20911,566,6,Equinix CH1/CH2/CH4 - Chicago,IL,Chicago
42431,566,6,Equinix CH1/CH2/CH4 - Chicago,IL,Chicago
197580,566,6,Equinix CH1/CH2/CH4 - Chicago,IL,Chicago
34779,566,6,Equinix CH1/CH2/CH4 - Chicago,IL,Chicago
44814,566,6,Equinix CH1/CH2/CH4 - Chicago,IL,Chicago
198228,566,6,Equinix CH1/CH2/CH4 - Chicago,IL,Chicago
42,566,6,Equinix CH1/CH2/CH4 - Chicago,IL,Chicago
60725,566,6,Equinix CH1/CH2/CH4 - Chicago,IL,Chicago
11081,566,6,Equinix CH1/CH2/CH4 - Chicago,IL,Chicago
3856,566,6,Equinix CH1/CH2/CH4 - Chicago,IL,Chicago
5394,566,6,Equinix CH1/CH2/CH4 - Chicago,IL,Chicago
29687,566,6,Equinix CH1/CH2/CH4 - Chicago,IL,Chicago
47771,566,6,Equinix CH1/CH2/CH4 - Chicago,IL,Chicago
29107,566,6,Equinix CH1/CH2/CH4 - Chicago,IL,Chicago
45007,566,6,Equinix CH1/CH2/CH4 - Chicago,IL,Chicago
60447,566,6,Equinix CH1/CH2/CH4 - Chicago,IL,Chicago
6855,566,6,Equinix CH1/CH2/CH4 - Chicago,IL,Chicago
39251,566,6,Equinix CH1/CH2/CH4 - Chicago,IL,Chicago
203917,566,6,Equinix CH1/CH2/CH4 - Chicago,IL,Chicago
203380,566,6,Equinix CH1/CH2/CH4 - Chicago,IL,Chicago
9070,566,6,Equinix CH1/CH2/CH4 - Chicago,IL,Chicago
29667,566,6,Equinix CH1/CH2/CH4 - Chicago,IL,Chicago
25374,566,6,Equinix CH1/CH2/CH4 - Chicago,IL,Chicago
20764,566,6,Equinix CH1/CH2/CH4 - Chicago,IL,Chicago
35654,566,6,Equinix CH1/CH2/CH4 - Chicago,IL,Chicago
34772,566,6,Equinix CH1/CH2/CH4 - Chicago,IL,Chicago
211609,566,6,Equinix CH1/CH2/CH4 - Chicago,IL,Chicago
47402,566,6,Equinix CH1/CH2/CH4 - Chicago,IL,Chicago
57912,566,6,Equinix CH1/CH2/CH4 - Chicago,IL,Chicago
39396,566,6,Equinix CH1/CH2/CH4 - Chicago,IL,Chicago
31490,566,6,Equinix CH1/CH2/CH4 - Chicago,IL,Chicago
34368,566,6,Equinix CH1/CH2/CH4 - Chicago,IL,Chicago
44306,566,6,Equinix CH1/CH2/CH4 - Chicago,IL,Chicago
44017,566,6,Equinix CH1/CH2/CH4 - Chicago,IL,Chicago
41624,566,6,Equinix CH1/CH2/CH4 - Chicago,IL,Chicago
42446,566,6,Equinix CH1/CH2/CH4 - Chicago,IL,Chicago
60202,566,6,Equinix CH1/CH2/CH4 - Chicago,IL,Chicago
57463,566,6,Equinix CH1/CH2/CH4 - Chicago,IL,Chicago
41047,566,6,Equinix CH1/CH2/CH4 - Chicago,IL,Chicago
31298,566,6,Equinix CH1/CH2/CH4 - Chicago,IL,Chicago
13004,566,6,Equinix CH1/CH2/CH4 - Chicago,IL,Chicago
42248,566,6,Equinix CH1/CH2/CH4 - Chicago,IL,Chicago
204281,566,6,Equinix CH1/CH2/CH4 - Chicago,IL,Chicago
44796,566,6,Equinix CH1/CH2/CH4 - Chicago,IL,Chicago
39464,566,6,Equinix CH1/CH2/CH4 - Chicago,IL,Chicago
43380,566,6,Equinix CH1/CH2/CH4 - Chicago,IL,Chicago
48559,566,6,Equinix CH1/CH2/CH4 - Chicago,IL,Chicago
48452,566,6,Equinix CH1/CH2/CH4 - Chicago,IL,Chicago
198611,566,6,Equinix CH1/CH2/CH4 - Chicago,IL,Chicago
208389,566,6,Equinix CH1/CH2/CH4 - Chicago,IL,Chicago
43068,566,6,Equinix CH1/CH2/CH4 - Chicago,IL,Chicago
202129,566,6,Equinix CH1/CH2/CH4 - Chicago,IL,Chicago
47288,566,6,Equinix CH1/CH2/CH4 - Chicago,IL,Chicago
201811,566,6,Equinix CH1/CH2/CH4 - Chicago,IL,Chicago
32590,566,6,Equinix CH1/CH2/CH4 - Chicago,IL,Chicago
2603,566,6,Equinix CH1/CH2/CH4 - Chicago,IL,Chicago
47872,566,6,Equinix CH1/CH2/CH4 - Chicago,IL,Chicago
21415,566,6,Equinix CH1/CH2/CH4 - Chicago,IL,Chicago
50698,566,6,Equinix CH1/CH2/CH4 - Chicago,IL,Chicago
201225,566,6,Equinix CH1/CH2/CH4 - Chicago,IL,Chicago
32261,566,6,Equinix CH1/CH2/CH4 - Chicago,IL,Chicago
61745,566,6,Equinix CH1/CH2/CH4 - Chicago,IL,Chicago
61752,566,6,Equinix CH1/CH2/CH4 - Chicago,IL,Chicago
28658,566,6,Equinix CH1/CH2/CH4 - Chicago,IL,Chicago
271253,566,6,Equinix CH1/CH2/CH4 - Chicago,IL,Chicago
264479,566,6,Equinix CH1/CH2/CH4 - Chicago,IL,Chicago
264556,566,6,Equinix CH1/CH2/CH4 - Chicago,IL,Chicago
263444,566,6,Equinix CH1/CH2/CH4 - Chicago,IL,Chicago
27720,566,6,Equinix CH1/CH2/CH4 - Chicago,IL,Chicago
262427,566,6,Equinix CH1/CH2/CH4 - Chicago,IL,Chicago
262485,566,6,Equinix CH1/CH2/CH4 - Chicago,IL,Chicago
61573,566,6,Equinix CH1/CH2/CH4 - Chicago,IL,Chicago
263903,566,6,Equinix CH1/CH2/CH4 - Chicago,IL,Chicago
263009,566,6,Equinix CH1/CH2/CH4 - Chicago,IL,Chicago
53180,566,6,Equinix CH1/CH2/CH4 - Chicago,IL,Chicago
211186,566,6,Equinix CH1/CH2/CH4 - Chicago,IL,Chicago
265175,566,6,Equinix CH1/CH2/CH4 - Chicago,IL,Chicago
52988,566,6,Equinix CH1/CH2/CH4 - Chicago,IL,Chicago
262428,566,6,Equinix CH1/CH2/CH4 - Chicago,IL,Chicago
211700,566,6,Equinix CH1/CH2/CH4 - Chicago,IL,Chicago
198412,566,6,Equinix CH1/CH2/CH4 - Chicago,IL,Chicago
61568,566,6,Equinix CH1/CH2/CH4 - Chicago,IL,Chicago
28202,566,6,Equinix CH1/CH2/CH4 - Chicago,IL,Chicago
28338,566,6,Equinix CH1/CH2/CH4 - Chicago,IL,Chicago
262355,566,6,Equinix CH1/CH2/CH4 - Chicago,IL,Chicago
28663,566,6,Equinix CH1/CH2/CH4 - Chicago,IL,Chicago
20956,566,6,Equinix CH1/CH2/CH4 - Chicago,IL,Chicago
262760,566,6,Equinix CH1/CH2/CH4 - Chicago,IL,Chicago
35717,566,6,Equinix CH1/CH2/CH4 - Chicago,IL,Chicago
8265,566,6,Equinix CH1/CH2/CH4 - Chicago,IL,Chicago
60268,566,6,Equinix CH1/CH2/CH4 - Chicago,IL,Chicago
59886,566,6,Equinix CH1/CH2/CH4 - Chicago,IL,Chicago
26415,566,6,Equinix CH1/CH2/CH4 - Chicago,IL,Chicago
210021,566,6,Equinix CH1/CH2/CH4 - Chicago,IL,Chicago
49176,566,6,Equinix CH1/CH2/CH4 - Chicago,IL,Chicago
31293,566,6,Equinix CH1/CH2/CH4 - Chicago,IL,Chicago
212054,566,6,Equinix CH1/CH2/CH4 - Chicago,IL,Chicago
48602,566,6,Equinix CH1/CH2/CH4 - Chicago,IL,Chicago
3245,566,6,Equinix CH1/CH2/CH4 - Chicago,IL,Chicago
20530,566,6,Equinix CH1/CH2/CH4 - Chicago,IL,Chicago
42207,566,6,Equinix CH1/CH2/CH4 - Chicago,IL,Chicago
212175,566,6,Equinix CH1/CH2/CH4 - Chicago,IL,Chicago
39533,566,6,Equinix CH1/CH2/CH4 - Chicago,IL,Chicago
14840,566,6,Equinix CH1/CH2/CH4 - Chicago,IL,Chicago
25152,566,6,Equinix CH1/CH2/CH4 - Chicago,IL,Chicago
31080,566,6,Equinix CH1/CH2/CH4 - Chicago,IL,Chicago
205138,566,6,Equinix CH1/CH2/CH4 - Chicago,IL,Chicago
34428,566,6,Equinix CH1/CH2/CH4 - Chicago,IL,Chicago
24724,566,6,Equinix CH1/CH2/CH4 - Chicago,IL,Chicago
41427,566,6,Equinix CH1/CH2/CH4 - Chicago,IL,Chicago
13147,566,6,Equinix CH1/CH2/CH4 - Chicago,IL,Chicago
209702,566,6,Equinix CH1/CH2/CH4 - Chicago,IL,Chicago
267613,566,6,Equinix CH1/CH2/CH4 - Chicago,IL,Chicago
59829,566,6,Equinix CH1/CH2/CH4 - Chicago,IL,Chicago
20665,566,6,Equinix CH1/CH2/CH4 - Chicago,IL,Chicago
16344,566,6,Equinix CH1/CH2/CH4 - Chicago,IL,Chicago
13335,811,6,Equinix CH1/CH2/CH4 - Chicago,IL,Chicago
20940,811,6,Equinix CH1/CH2/CH4 - Chicago,IL,Chicago
199524,811,6,Equinix CH1/CH2/CH4 - Chicago,IL,Chicago
16509,811,6,Equinix CH1/CH2/CH4 - Chicago,IL,Chicago
8075,811,6,Equinix CH1/CH2/CH4 - Chicago,IL,Chicago
25697,811,6,Equinix CH1/CH2/CH4 - Chicago,IL,Chicago
6939,811,6,Equinix CH1/CH2/CH4 - Chicago,IL,Chicago
46261,811,6,Equinix CH1/CH2/CH4 - Chicago,IL,Chicago
15169,811,6,Equinix CH1/CH2/CH4 - Chicago,IL,Chicago
2734,811,6,Equinix CH1/CH2/CH4 - Chicago,IL,Chicago
4455,811,6,Equinix CH1/CH2/CH4 - Chicago,IL,Chicago
55256,811,6,Equinix CH1/CH2/CH4 - Chicago,IL,Chicago
14340,811,6,Equinix CH1/CH2/CH4 - Chicago,IL,Chicago
7843,811,6,Equinix CH1/CH2/CH4 - Chicago,IL,Chicago
20115,811,6,Equinix CH1/CH2/CH4 - Chicago,IL,Chicago
12083,811,6,Equinix CH1/CH2/CH4 - Chicago,IL,Chicago
47869,811,6,Equinix CH1/CH2/CH4 - Chicago,IL,Chicago
22995,811,6,Equinix CH1/CH2/CH4 - Chicago,IL,Chicago
20278,811,6,Equinix CH1/CH2/CH4 - Chicago,IL,Chicago
32899,811,6,Equinix CH1/CH2/CH4 - Chicago,IL,Chicago
397095,811,6,Equinix CH1/CH2/CH4 - Chicago,IL,Chicago
4556,811,6,Equinix CH1/CH2/CH4 - Chicago,IL,Chicago
53610,811,6,Equinix CH1/CH2/CH4 - Chicago,IL,Chicago
12243,811,6,Equinix CH1/CH2/CH4 - Chicago,IL,Chicago
399663,811,6,Equinix CH1/CH2/CH4 - Chicago,IL,Chicago
53597,811,6,Equinix CH1/CH2/CH4 - Chicago,IL,Chicago
2906,811,6,Equinix CH1/CH2/CH4 - Chicago,IL,Chicago
10310,811,6,Equinix CH1/CH2/CH4 - Chicago,IL,Chicago
32934,811,6,Equinix CH1/CH2/CH4 - Chicago,IL,Chicago
6507,811,6,Equinix CH1/CH2/CH4 - Chicago,IL,Chicago
58907,811,6,Equinix CH1/CH2/CH4 - Chicago,IL,Chicago
53828,811,6,Equinix CH1/CH2/CH4 - Chicago,IL,Chicago
7155,811,6,Equinix CH1/CH2/CH4 - Chicago,IL,Chicago
19151,811,6,Equinix CH1/CH2/CH4 - Chicago,IL,Chicago
42,811,6,Equinix CH1/CH2/CH4 - Chicago,IL,Chicago
15042,811,6,Equinix CH1/CH2/CH4 - Chicago,IL,Chicago
53264,811,6,Equinix CH1/CH2/CH4 - Chicago,IL,Chicago
31845,811,6,Equinix CH1/CH2/CH4 - Chicago,IL,Chicago
26554,811,6,Equinix CH1/CH2/CH4 - Chicago,IL,Chicago
36086,811,6,Equinix CH1/CH2/CH4 - Chicago,IL,Chicago
23367,811,6,Equinix CH1/CH2/CH4 - Chicago,IL,Chicago
14593,811,6,Equinix CH1/CH2/CH4 - Chicago,IL,Chicago
6473,811,6,Equinix CH1/CH2/CH4 - Chicago,IL,Chicago
394968,811,6,Equinix CH1/CH2/CH4 - Chicago,IL,Chicago
3856,811,6,Equinix CH1/CH2/CH4 - Chicago,IL,Chicago
134521,811,6,Equinix CH1/CH2/CH4 - Chicago,IL,Chicago
63399,811,6,Equinix CH1/CH2/CH4 - Chicago,IL,Chicago
30455,811,6,Equinix CH1/CH2/CH4 - Chicago,IL,Chicago
17210,811,6,Equinix CH1/CH2/CH4 - Chicago,IL,Chicago
393891,811,6,Equinix CH1/CH2/CH4 - Chicago,IL,Chicago
63014,811,6,Equinix CH1/CH2/CH4 - Chicago,IL,Chicago
32261,811,6,Equinix CH1/CH2/CH4 - Chicago,IL,Chicago
36001,811,6,Equinix CH1/CH2/CH4 - Chicago,IL,Chicago
2381,811,6,Equinix CH1/CH2/CH4 - Chicago,IL,Chicago
14333,811,6,Equinix CH1/CH2/CH4 - Chicago,IL,Chicago
63311,811,6,Equinix CH1/CH2/CH4 - Chicago,IL,Chicago
398868,811,6,Equinix CH1/CH2/CH4 - Chicago,IL,Chicago
19255,811,6,Equinix CH1/CH2/CH4 - Chicago,IL,Chicago
26415,811,6,Equinix CH1/CH2/CH4 - Chicago,IL,Chicago
112,811,6,Equinix CH1/CH2/CH4 - Chicago,IL,Chicago
11142,811,6,Equinix CH1/CH2/CH4 - Chicago,IL,Chicago
393853,811,6,Equinix CH1/CH2/CH4 - Chicago,IL,Chicago
32425,811,6,Equinix CH1/CH2/CH4 - Chicago,IL,Chicago
40165,811,6,Equinix CH1/CH2/CH4 - Chicago,IL,Chicago
40764,811,6,Equinix CH1/CH2/CH4 - Chicago,IL,Chicago
394109,1357,6,Equinix CH1/CH2/CH4 - Chicago,IL,Chicago
212815,1357,6,Equinix CH1/CH2/CH4 - Chicago,IL,Chicago
13335,1307,1223,Serverfarm CH1 Chicago,IL,Chicago
199524,1307,1223,Serverfarm CH1 Chicago,IL,Chicago
63023,1307,1223,Serverfarm CH1 Chicago,IL,Chicago
16509,1307,1223,Serverfarm CH1 Chicago,IL,Chicago
8075,1307,1223,Serverfarm CH1 Chicago,IL,Chicago
57976,1307,1223,Serverfarm CH1 Chicago,IL,Chicago
15133,1307,1223,Serverfarm CH1 Chicago,IL,Chicago
6939,1307,1223,Serverfarm CH1 Chicago,IL,Chicago
49544,1307,1223,Serverfarm CH1 Chicago,IL,Chicago
714,1307,1223,Serverfarm CH1 Chicago,IL,Chicago
62904,1307,1223,Serverfarm CH1 Chicago,IL,Chicago
33438,1307,1223,Serverfarm CH1 Chicago,IL,Chicago
14928,1307,1223,Serverfarm CH1 Chicago,IL,Chicago
2906,1307,1223,Serverfarm CH1 Chicago,IL,Chicago
32934,1307,1223,Serverfarm CH1 Chicago,IL,Chicago
19151,1307,1223,Serverfarm CH1 Chicago,IL,Chicago
11403,1307,1223,Serverfarm CH1 Chicago,IL,Chicago
32035,1307,1223,Serverfarm CH1 Chicago,IL,Chicago
394968,1307,1223,Serverfarm CH1 Chicago,IL,Chicago
62597,1307,1223,Serverfarm CH1 Chicago,IL,Chicago
21788,1307,1223,Serverfarm CH1 Chicago,IL,Chicago
40630,1307,1223,Serverfarm CH1 Chicago,IL,Chicago
13335,1307,1245,CoreSite - Chicago (CH2),IL,Chicago
199524,1307,1245,CoreSite - Chicago (CH2),IL,Chicago
63023,1307,1245,CoreSite - Chicago (CH2),IL,Chicago
16509,1307,1245,CoreSite - Chicago (CH2),IL,Chicago
8075,1307,1245,CoreSite - Chicago (CH2),IL,Chicago
57976,1307,1245,CoreSite - Chicago (CH2),IL,Chicago
15133,1307,1245,CoreSite - Chicago (CH2),IL,Chicago
6939,1307,1245,CoreSite - Chicago (CH2),IL,Chicago
49544,1307,1245,CoreSite - Chicago (CH2),IL,Chicago
714,1307,1245,CoreSite - Chicago (CH2),IL,Chicago
62904,1307,1245,CoreSite - Chicago (CH2),IL,Chicago
33438,1307,1245,CoreSite - Chicago (CH2),IL,Chicago
14928,1307,1245,CoreSite - Chicago (CH2),IL,Chicago
2906,1307,1245,CoreSite - Chicago (CH2),IL,Chicago
32934,1307,1245,CoreSite - Chicago (CH2),IL,Chicago
19151,1307,1245,CoreSite - Chicago (CH2),IL,Chicago
11403,1307,1245,CoreSite - Chicago (CH2),IL,Chicago
32035,1307,1245,CoreSite - Chicago (CH2),IL,Chicago
394968,1307,1245,CoreSite - Chicago (CH2),IL,Chicago
62597,1307,1245,CoreSite - Chicago (CH2),IL,Chicago
21788,1307,1245,CoreSite - Chicago (CH2),IL,Chicago
40630,1307,1245,CoreSite - Chicago (CH2),IL,Chicago
8075,163,1245,CoreSite - Chicago (CH2),IL,Chicago
6939,163,1245,CoreSite - Chicago (CH2),IL,Chicago
141039,163,1245,CoreSite - Chicago (CH2),IL,Chicago
15169,163,1245,CoreSite - Chicago (CH2),IL,Chicago
36236,163,1245,CoreSite - Chicago (CH2),IL,Chicago
2734,163,1245,CoreSite - Chicago (CH2),IL,Chicago
237,163,1245,CoreSite - Chicago (CH2),IL,Chicago
22822,163,1245,CoreSite - Chicago (CH2),IL,Chicago
14593,163,1245,CoreSite - Chicago (CH2),IL,Chicago
46401,163,1245,CoreSite - Chicago (CH2),IL,Chicago
33597,163,1245,CoreSite - Chicago (CH2),IL,Chicago
33353,163,1245,CoreSite - Chicago (CH2),IL,Chicago
4436,163,1245,CoreSite - Chicago (CH2),IL,Chicago
14585,163,1245,CoreSite - Chicago (CH2),IL,Chicago
13335,1307,1215,Cyxtera Chicago (ORD1),IL,Chicago
199524,1307,1215,Cyxtera Chicago (ORD1),IL,Chicago
63023,1307,1215,Cyxtera Chicago (ORD1),IL,Chicago
16509,1307,1215,Cyxtera Chicago (ORD1),IL,Chicago
8075,1307,1215,Cyxtera Chicago (ORD1),IL,Chicago
57976,1307,1215,Cyxtera Chicago (ORD1),IL,Chicago
15133,1307,1215,Cyxtera Chicago (ORD1),IL,Chicago
6939,1307,1215,Cyxtera Chicago (ORD1),IL,Chicago
49544,1307,1215,Cyxtera Chicago (ORD1),IL,Chicago
714,1307,1215,Cyxtera Chicago (ORD1),IL,Chicago
62904,1307,1215,Cyxtera Chicago (ORD1),IL,Chicago
33438,1307,1215,Cyxtera Chicago (ORD1),IL,Chicago
14928,1307,1215,Cyxtera Chicago (ORD1),IL,Chicago
2906,1307,1215,Cyxtera Chicago (ORD1),IL,Chicago
32934,1307,1215,Cyxtera Chicago (ORD1),IL,Chicago
19151,1307,1215,Cyxtera Chicago (ORD1),IL,Chicago
11403,1307,1215,Cyxtera Chicago (ORD1),IL,Chicago
32035,1307,1215,Cyxtera Chicago (ORD1),IL,Chicago
394968,1307,1215,Cyxtera Chicago (ORD1),IL,Chicago
62597,1307,1215,Cyxtera Chicago (ORD1),IL,Chicago
21788,1307,1215,Cyxtera Chicago (ORD1),IL,Chicago
40630,1307,1215,Cyxtera Chicago (ORD1),IL,Chicago
13335,1307,1210,365 Data Centers Chicago (CH6),IL,Chicago
199524,1307,1210,365 Data Centers Chicago (CH6),IL,Chicago
63023,1307,1210,365 Data Centers Chicago (CH6),IL,Chicago
16509,1307,1210,365 Data Centers Chicago (CH6),IL,Chicago
8075,1307,1210,365 Data Centers Chicago (CH6),IL,Chicago
57976,1307,1210,365 Data Centers Chicago (CH6),IL,Chicago
15133,1307,1210,365 Data Centers Chicago (CH6),IL,Chicago
6939,1307,1210,365 Data Centers Chicago (CH6),IL,Chicago
49544,1307,1210,365 Data Centers Chicago (CH6),IL,Chicago
714,1307,1210,365 Data Centers Chicago (CH6),IL,Chicago
62904,1307,1210,365 Data Centers Chicago (CH6),IL,Chicago
33438,1307,1210,365 Data Centers Chicago (CH6),IL,Chicago
14928,1307,1210,365 Data Centers Chicago (CH6),IL,Chicago
2906,1307,1210,365 Data Centers Chicago (CH6),IL,Chicago
32934,1307,1210,365 Data Centers Chicago (CH6),IL,Chicago
19151,1307,1210,365 Data Centers Chicago (CH6),IL,Chicago
11403,1307,1210,365 Data Centers Chicago (CH6),IL,Chicago
32035,1307,1210,365 Data Centers Chicago (CH6),IL,Chicago
394968,1307,1210,365 Data Centers Chicago (CH6),IL,Chicago
62597,1307,1210,365 Data Centers Chicago (CH6),IL,Chicago
21788,1307,1210,365 Data Centers Chicago (CH6),IL,Chicago
40630,1307,1210,365 Data Centers Chicago (CH6),IL,Chicago
13335,1307,810,QTS Chicago (CHI1),IL,Chicago
199524,1307,810,QTS Chicago (CHI1),IL,Chicago
63023,1307,810,QTS Chicago (CHI1),IL,Chicago
16509,1307,810,QTS Chicago (CHI1),IL,Chicago
8075,1307,810,QTS Chicago (CHI1),IL,Chicago
57976,1307,810,QTS Chicago (CHI1),IL,Chicago
15133,1307,810,QTS Chicago (CHI1),IL,Chicago
6939,1307,810,QTS Chicago (CHI1),IL,Chicago
49544,1307,810,QTS Chicago (CHI1),IL,Chicago
714,1307,810,QTS Chicago (CHI1),IL,Chicago
62904,1307,810,QTS Chicago (CHI1),IL,Chicago
33438,1307,810,QTS Chicago (CHI1),IL,Chicago
14928,1307,810,QTS Chicago (CHI1),IL,Chicago
2906,1307,810,QTS Chicago (CHI1),IL,Chicago
32934,1307,810,QTS Chicago (CHI1),IL,Chicago
19151,1307,810,QTS Chicago (CHI1),IL,Chicago
11403,1307,810,QTS Chicago (CHI1),IL,Chicago
32035,1307,810,QTS Chicago (CHI1),IL,Chicago
394968,1307,810,QTS Chicago (CHI1),IL,Chicago
62597,1307,810,QTS Chicago (CHI1),IL,Chicago
21788,1307,810,QTS Chicago (CHI1),IL,Chicago
40630,1307,810,QTS Chicago (CHI1),IL,Chicago
13335,811,810,QTS Chicago (CHI1),IL,Chicago
20940,811,810,QTS Chicago (CHI1),IL,Chicago
199524,811,810,QTS Chicago (CHI1),IL,Chicago
16509,811,810,QTS Chicago (CHI1),IL,Chicago
8075,811,810,QTS Chicago (CHI1),IL,Chicago
25697,811,810,QTS Chicago (CHI1),IL,Chicago
6939,811,810,QTS Chicago (CHI1),IL,Chicago
46261,811,810,QTS Chicago (CHI1),IL,Chicago
15169,811,810,QTS Chicago (CHI1),IL,Chicago
2734,811,810,QTS Chicago (CHI1),IL,Chicago
4455,811,810,QTS Chicago (CHI1),IL,Chicago
55256,811,810,QTS Chicago (CHI1),IL,Chicago
14340,811,810,QTS Chicago (CHI1),IL,Chicago
7843,811,810,QTS Chicago (CHI1),IL,Chicago
20115,811,810,QTS Chicago (CHI1),IL,Chicago
12083,811,810,QTS Chicago (CHI1),IL,Chicago
47869,811,810,QTS Chicago (CHI1),IL,Chicago
22995,811,810,QTS Chicago (CHI1),IL,Chicago
20278,811,810,QTS Chicago (CHI1),IL,Chicago
32899,811,810,QTS Chicago (CHI1),IL,Chicago
397095,811,810,QTS Chicago (CHI1),IL,Chicago
4556,811,810,QTS Chicago (CHI1),IL,Chicago
53610,811,810,QTS Chicago (CHI1),IL,Chicago
12243,811,810,QTS Chicago (CHI1),IL,Chicago
399663,811,810,QTS Chicago (CHI1),IL,Chicago
53597,811,810,QTS Chicago (CHI1),IL,Chicago
2906,811,810,QTS Chicago (CHI1),IL,Chicago
10310,811,810,QTS Chicago (CHI1),IL,Chicago
32934,811,810,QTS Chicago (CHI1),IL,Chicago
6507,811,810,QTS Chicago (CHI1),IL,Chicago
58907,811,810,QTS Chicago (CHI1),IL,Chicago
53828,811,810,QTS Chicago (CHI1),IL,Chicago
7155,811,810,QTS Chicago (CHI1),IL,Chicago
19151,811,810,QTS Chicago (CHI1),IL,Chicago
42,811,810,QTS Chicago (CHI1),IL,Chicago
15042,811,810,QTS Chicago (CHI1),IL,Chicago
53264,811,810,QTS Chicago (CHI1),IL,Chicago
31845,811,810,QTS Chicago (CHI1),IL,Chicago
26554,811,810,QTS Chicago (CHI1),IL,Chicago
36086,811,810,QTS Chicago (CHI1),IL,Chicago
23367,811,810,QTS Chicago (CHI1),IL,Chicago
14593,811,810,QTS Chicago (CHI1),IL,Chicago
6473,811,810,QTS Chicago (CHI1),IL,Chicago
394968,811,810,QTS Chicago (CHI1),IL,Chicago
3856,811,810,QTS Chicago (CHI1),IL,Chicago
134521,811,810,QTS Chicago (CHI1),IL,Chicago
63399,811,810,QTS Chicago (CHI1),IL,Chicago
30455,811,810,QTS Chicago (CHI1),IL,Chicago
17210,811,810,QTS Chicago (CHI1),IL,Chicago
393891,811,810,QTS Chicago (CHI1),IL,Chicago
63014,811,810,QTS Chicago (CHI1),IL,Chicago
32261,811,810,QTS Chicago (CHI1),IL,Chicago
36001,811,810,QTS Chicago (CHI1),IL,Chicago
2381,811,810,QTS Chicago (CHI1),IL,Chicago
14333,811,810,QTS Chicago (CHI1),IL,Chicago
63311,811,810,QTS Chicago (CHI1),IL,Chicago
398868,811,810,QTS Chicago (CHI1),IL,Chicago
19255,811,810,QTS Chicago (CHI1),IL,Chicago
26415,811,810,QTS Chicago (CHI1),IL,Chicago
112,811,810,QTS Chicago (CHI1),IL,Chicago
11142,811,810,QTS Chicago (CHI1),IL,Chicago
393853,811,810,QTS Chicago (CHI1),IL,Chicago
32425,811,810,QTS Chicago (CHI1),IL,Chicago
40165,811,810,QTS Chicago (CHI1),IL,Chicago
40764,811,810,QTS Chicago (CHI1),IL,Chicago
13335,503,1310,Netrality Chicago - 717 S Wells,IL,Chicago
20940,503,1310,Netrality Chicago - 717 S Wells,IL,Chicago
6939,503,1310,Netrality Chicago - 717 S Wells,IL,Chicago
26312,503,1310,Netrality Chicago - 717 S Wells,IL,Chicago
12243,503,1310,Netrality Chicago - 717 S Wells,IL,Chicago
18615,503,1310,Netrality Chicago - 717 S Wells,IL,Chicago
13807,503,1310,Netrality Chicago - 717 S Wells,IL,Chicago
11550,503,1310,Netrality Chicago - 717 S Wells,IL,Chicago
394356,503,1310,Netrality Chicago - 717 S Wells,IL,Chicago
40604,503,1310,Netrality Chicago - 717 S Wells,IL,Chicago
19112,503,1310,Netrality Chicago - 717 S Wells,IL,Chicago
11114,503,1310,Netrality Chicago - 717 S Wells,IL,Chicago
32709,503,1310,Netrality Chicago - 717 S Wells,IL,Chicago
19151,503,1310,Netrality Chicago - 717 S Wells,IL,Chicago
11525,503,1310,Netrality Chicago - 717 S Wells,IL,Chicago
42,503,1310,Netrality Chicago - 717 S Wells,IL,Chicago
46231,503,1310,Netrality Chicago - 717 S Wells,IL,Chicago
20193,503,1310,Netrality Chicago - 717 S Wells,IL,Chicago
54225,503,1310,Netrality Chicago - 717 S Wells,IL,Chicago
30691,503,1310,Netrality Chicago - 717 S Wells,IL,Chicago
968,503,1310,Netrality Chicago - 717 S Wells,IL,Chicago
3856,503,1310,Netrality Chicago - 717 S Wells,IL,Chicago
63293,503,1310,Netrality Chicago - 717 S Wells,IL,Chicago
63060,503,1310,Netrality Chicago - 717 S Wells,IL,Chicago
399332,503,1310,Netrality Chicago - 717 S Wells,IL,Chicago
14333,503,1310,Netrality Chicago - 717 S Wells,IL,Chicago
19782,503,1310,Netrality Chicago - 717 S Wells,IL,Chicago
396841,503,1310,Netrality Chicago - 717 S Wells,IL,Chicago
27353,503,1310,Netrality Chicago - 717 S Wells,IL,Chicago
54039,503,1310,Netrality Chicago - 717 S Wells,IL,Chicago
11990,503,1310,Netrality Chicago - 717 S Wells,IL,Chicago
11142,503,1310,Netrality Chicago - 717 S Wells,IL,Chicago
62612,503,1310,Netrality Chicago - 717 S Wells,IL,Chicago
393853,503,1310,Netrality Chicago - 717 S Wells,IL,Chicago
395126,503,1310,Netrality Chicago - 717 S Wells,IL,Chicago
11946,503,1310,Netrality Chicago - 717 S Wells,IL,Chicago
13335,566,1310,Netrality Chicago - 717 S Wells,IL,Chicago
4134,566,1310,Netrality Chicago - 717 S Wells,IL,Chicago
20940,566,1310,Netrality Chicago - 717 S Wells,IL,Chicago
6762,566,1310,Netrality Chicago - 717 S Wells,IL,Chicago
9009,566,1310,Netrality Chicago - 717 S Wells,IL,Chicago
199524,566,1310,Netrality Chicago - 717 S Wells,IL,Chicago
39120,566,1310,Netrality Chicago - 717 S Wells,IL,Chicago
34224,566,1310,Netrality Chicago - 717 S Wells,IL,Chicago
16509,566,1310,Netrality Chicago - 717 S Wells,IL,Chicago
8075,566,1310,Netrality Chicago - 717 S Wells,IL,Chicago
24940,566,1310,Netrality Chicago - 717 S Wells,IL,Chicago
31042,566,1310,Netrality Chicago - 717 S Wells,IL,Chicago
6663,566,1310,Netrality Chicago - 717 S Wells,IL,Chicago
16276,566,1310,Netrality Chicago - 717 S Wells,IL,Chicago
57976,566,1310,Netrality Chicago - 717 S Wells,IL,Chicago
31019,566,1310,Netrality Chicago - 717 S Wells,IL,Chicago
12956,566,1310,Netrality Chicago - 717 S Wells,IL,Chicago
25697,566,1310,Netrality Chicago - 717 S Wells,IL,Chicago
15830,566,1310,Netrality Chicago - 717 S Wells,IL,Chicago
47764,566,1310,Netrality Chicago - 717 S Wells,IL,Chicago
14061,566,1310,Netrality Chicago - 717 S Wells,IL,Chicago
15133,566,1310,Netrality Chicago - 717 S Wells,IL,Chicago
43350,566,1310,Netrality Chicago - 717 S Wells,IL,Chicago
34524,566,1310,Netrality Chicago - 717 S Wells,IL,Chicago
31200,566,1310,Netrality Chicago - 717 S Wells,IL,Chicago
39184,566,1310,Netrality Chicago - 717 S Wells,IL,Chicago
6830,566,1310,Netrality Chicago - 717 S Wells,IL,Chicago
196925,566,1310,Netrality Chicago - 717 S Wells,IL,Chicago
35805,566,1310,Netrality Chicago - 717 S Wells,IL,Chicago
6939,566,1310,Netrality Chicago - 717 S Wells,IL,Chicago
60134,566,1310,Netrality Chicago - 717 S Wells,IL,Chicago
9125,566,1310,Netrality Chicago - 717 S Wells,IL,Chicago
48011,566,1310,Netrality Chicago - 717 S Wells,IL,Chicago
34569,566,1310,Netrality Chicago - 717 S Wells,IL,Chicago
50360,566,1310,Netrality Chicago - 717 S Wells,IL,Chicago
56630,566,1310,Netrality Chicago - 717 S Wells,IL,Chicago
41327,566,1310,Netrality Chicago - 717 S Wells,IL,Chicago
21497,566,1310,Netrality Chicago - 717 S Wells,IL,Chicago
48166,566,1310,Netrality Chicago - 717 S Wells,IL,Chicago
3223,566,1310,Netrality Chicago - 717 S Wells,IL,Chicago
15169,566,1310,Netrality Chicago - 717 S Wells,IL,Chicago
36236,566,1310,Netrality Chicago - 717 S Wells,IL,Chicago
21859,566,1310,Netrality Chicago - 717 S Wells,IL,Chicago
55256,566,1310,Netrality Chicago - 717 S Wells,IL,Chicago
54994,566,1310,Netrality Chicago - 717 S Wells,IL,Chicago
52468,566,1310,Netrality Chicago - 717 S Wells,IL,Chicago
46562,566,1310,Netrality Chicago - 717 S Wells,IL,Chicago
9498,566,1310,Netrality Chicago - 717 S Wells,IL,Chicago
138322,566,1310,Netrality Chicago - 717 S Wells,IL,Chicago
4229,566,1310,Netrality Chicago - 717 S Wells,IL,Chicago
49367,566,1310,Netrality Chicago - 717 S Wells,IL,Chicago
54113,566,1310,Netrality Chicago - 717 S Wells,IL,Chicago
52376,566,1310,Netrality Chicago - 717 S Wells,IL,Chicago
2906,566,1310,Netrality Chicago - 717 S Wells,IL,Chicago
8220,566,1310,Netrality Chicago - 717 S Wells,IL,Chicago
10310,566,1310,Netrality Chicago - 717 S Wells,IL,Chicago
32934,566,1310,Netrality Chicago - 717 S Wells,IL,Chicago
57634,566,1310,Netrality Chicago - 717 S Wells,IL,Chicago
29030,566,1310,Netrality Chicago - 717 S Wells,IL,Chicago
43548,566,1310,Netrality Chicago - 717 S Wells,IL,Chicago
48584,566,1310,Netrality Chicago - 717 S Wells,IL,Chicago
60784,566,1310,Netrality Chicago - 717 S Wells,IL,Chicago
61437,566,1310,Netrality Chicago - 717 S Wells,IL,Chicago
60230,566,1310,Netrality Chicago - 717 S Wells,IL,Chicago
9050,566,1310,Netrality Chicago - 717 S Wells,IL,Chicago
8455,566,1310,Netrality Chicago - 717 S Wells,IL,Chicago
29049,566,1310,Netrality Chicago - 717 S Wells,IL,Chicago
208972,566,1310,Netrality Chicago - 717 S Wells,IL,Chicago
208287,566,1310,Netrality Chicago - 717 S Wells,IL,Chicago
12735,566,1310,Netrality Chicago - 717 S Wells,IL,Chicago
60068,566,1310,Netrality Chicago - 717 S Wells,IL,Chicago
8400,566,1310,Netrality Chicago - 717 S Wells,IL,Chicago
12577,566,1310,Netrality Chicago - 717 S Wells,IL,Chicago
34577,566,1310,Netrality Chicago - 717 S Wells,IL,Chicago
6774,566,1310,Netrality Chicago - 717 S Wells,IL,Chicago
39582,566,1310,Netrality Chicago - 717 S Wells,IL,Chicago
43205,566,1310,Netrality Chicago - 717 S Wells,IL,Chicago
39180,566,1310,Netrality Chicago - 717 S Wells,IL,Chicago
8953,566,1310,Netrality Chicago - 717 S Wells,IL,Chicago
8866,566,1310,Netrality Chicago - 717 S Wells,IL,Chicago
43561,566,1310,Netrality Chicago - 717 S Wells,IL,Chicago
29084,566,1310,Netrality Chicago - 717 S Wells,IL,Chicago
34971,566,1310,Netrality Chicago - 717 S Wells,IL,Chicago
61461,566,1310,Netrality Chicago - 717 S Wells,IL,Chicago
398448,566,1310,Netrality Chicago - 717 S Wells,IL,Chicago
26506,566,1310,Netrality Chicago - 717 S Wells,IL,Chicago
6507,566,1310,Netrality Chicago - 717 S Wells,IL,Chicago
51185,566,1310,Netrality Chicago - 717 S Wells,IL,Chicago
31287,566,1310,Netrality Chicago - 717 S Wells,IL,Chicago
267638,566,1310,Netrality Chicago - 717 S Wells,IL,Chicago
208898,566,1310,Netrality Chicago - 717 S Wells,IL,Chicago
205175,566,1310,Netrality Chicago - 717 S Wells,IL,Chicago
211826,566,1310,Netrality Chicago - 717 S Wells,IL,Chicago
41019,566,1310,Netrality Chicago - 717 S Wells,IL,Chicago
196695,566,1310,Netrality Chicago - 717 S Wells,IL,Chicago
206776,566,1310,Netrality Chicago - 717 S Wells,IL,Chicago
202513,566,1310,Netrality Chicago - 717 S Wells,IL,Chicago
41095,566,1310,Netrality Chicago - 717 S Wells,IL,Chicago
60501,566,1310,Netrality Chicago - 717 S Wells,IL,Chicago
24482,566,1310,Netrality Chicago - 717 S Wells,IL,Chicago
25198,566,1310,Netrality Chicago - 717 S Wells,IL,Chicago
60022,566,1310,Netrality Chicago - 717 S Wells,IL,Chicago
34927,566,1310,Netrality Chicago - 717 S Wells,IL,Chicago
44901,566,1310,Netrality Chicago - 717 S Wells,IL,Chicago
39405,566,1310,Netrality Chicago - 717 S Wells,IL,Chicago
61135,566,1310,Netrality Chicago - 717 S Wells,IL,Chicago
41897,566,1310,Netrality Chicago - 717 S Wells,IL,Chicago
28329,566,1310,Netrality Chicago - 717 S Wells,IL,Chicago
61844,566,1310,Netrality Chicago - 717 S Wells,IL,Chicago
266925,566,1310,Netrality Chicago - 717 S Wells,IL,Chicago
267056,566,1310,Netrality Chicago - 717 S Wells,IL,Chicago
268235,566,1310,Netrality Chicago - 717 S Wells,IL,Chicago
25206,566,1310,Netrality Chicago - 717 S Wells,IL,Chicago
16178,566,1310,Netrality Chicago - 717 S Wells,IL,Chicago
51426,566,1310,Netrality Chicago - 717 S Wells,IL,Chicago
25467,566,1310,Netrality Chicago - 717 S Wells,IL,Chicago
8280,566,1310,Netrality Chicago - 717 S Wells,IL,Chicago
25549,566,1310,Netrality Chicago - 717 S Wells,IL,Chicago
20911,566,1310,Netrality Chicago - 717 S Wells,IL,Chicago
42431,566,1310,Netrality Chicago - 717 S Wells,IL,Chicago
197580,566,1310,Netrality Chicago - 717 S Wells,IL,Chicago
34779,566,1310,Netrality Chicago - 717 S Wells,IL,Chicago
44814,566,1310,Netrality Chicago - 717 S Wells,IL,Chicago
198228,566,1310,Netrality Chicago - 717 S Wells,IL,Chicago
42,566,1310,Netrality Chicago - 717 S Wells,IL,Chicago
60725,566,1310,Netrality Chicago - 717 S Wells,IL,Chicago
11081,566,1310,Netrality Chicago - 717 S Wells,IL,Chicago
3856,566,1310,Netrality Chicago - 717 S Wells,IL,Chicago
5394,566,1310,Netrality Chicago - 717 S Wells,IL,Chicago
29687,566,1310,Netrality Chicago - 717 S Wells,IL,Chicago
47771,566,1310,Netrality Chicago - 717 S Wells,IL,Chicago
29107,566,1310,Netrality Chicago - 717 S Wells,IL,Chicago
45007,566,1310,Netrality Chicago - 717 S Wells,IL,Chicago
60447,566,1310,Netrality Chicago - 717 S Wells,IL,Chicago
6855,566,1310,Netrality Chicago - 717 S Wells,IL,Chicago
39251,566,1310,Netrality Chicago - 717 S Wells,IL,Chicago
203917,566,1310,Netrality Chicago - 717 S Wells,IL,Chicago
203380,566,1310,Netrality Chicago - 717 S Wells,IL,Chicago
9070,566,1310,Netrality Chicago - 717 S Wells,IL,Chicago
29667,566,1310,Netrality Chicago - 717 S Wells,IL,Chicago
25374,566,1310,Netrality Chicago - 717 S Wells,IL,Chicago
20764,566,1310,Netrality Chicago - 717 S Wells,IL,Chicago
35654,566,1310,Netrality Chicago - 717 S Wells,IL,Chicago
34772,566,1310,Netrality Chicago - 717 S Wells,IL,Chicago
211609,566,1310,Netrality Chicago - 717 S Wells,IL,Chicago
47402,566,1310,Netrality Chicago - 717 S Wells,IL,Chicago
57912,566,1310,Netrality Chicago - 717 S Wells,IL,Chicago
39396,566,1310,Netrality Chicago - 717 S Wells,IL,Chicago
31490,566,1310,Netrality Chicago - 717 S Wells,IL,Chicago
34368,566,1310,Netrality Chicago - 717 S Wells,IL,Chicago
44306,566,1310,Netrality Chicago - 717 S Wells,IL,Chicago
44017,566,1310,Netrality Chicago - 717 S Wells,IL,Chicago
41624,566,1310,Netrality Chicago - 717 S Wells,IL,Chicago
42446,566,1310,Netrality Chicago - 717 S Wells,IL,Chicago
60202,566,1310,Netrality Chicago - 717 S Wells,IL,Chicago
57463,566,1310,Netrality Chicago - 717 S Wells,IL,Chicago
41047,566,1310,Netrality Chicago - 717 S Wells,IL,Chicago
31298,566,1310,Netrality Chicago - 717 S Wells,IL,Chicago
13004,566,1310,Netrality Chicago - 717 S Wells,IL,Chicago
42248,566,1310,Netrality Chicago - 717 S Wells,IL,Chicago
204281,566,1310,Netrality Chicago - 717 S Wells,IL,Chicago
44796,566,1310,Netrality Chicago - 717 S Wells,IL,Chicago
39464,566,1310,Netrality Chicago - 717 S Wells,IL,Chicago
43380,566,1310,Netrality Chicago - 717 S Wells,IL,Chicago
48559,566,1310,Netrality Chicago - 717 S Wells,IL,Chicago
48452,566,1310,Netrality Chicago - 717 S Wells,IL,Chicago
198611,566,1310,Netrality Chicago - 717 S Wells,IL,Chicago
208389,566,1310,Netrality Chicago - 717 S Wells,IL,Chicago
43068,566,1310,Netrality Chicago - 717 S Wells,IL,Chicago
202129,566,1310,Netrality Chicago - 717 S Wells,IL,Chicago
47288,566,1310,Netrality Chicago - 717 S Wells,IL,Chicago
201811,566,1310,Netrality Chicago - 717 S Wells,IL,Chicago
32590,566,1310,Netrality Chicago - 717 S Wells,IL,Chicago
2603,566,1310,Netrality Chicago - 717 S Wells,IL,Chicago
47872,566,1310,Netrality Chicago - 717 S Wells,IL,Chicago
21415,566,1310,Netrality Chicago - 717 S Wells,IL,Chicago
50698,566,1310,Netrality Chicago - 717 S Wells,IL,Chicago
201225,566,1310,Netrality Chicago - 717 S Wells,IL,Chicago
32261,566,1310,Netrality Chicago - 717 S Wells,IL,Chicago
61745,566,1310,Netrality Chicago - 717 S Wells,IL,Chicago
61752,566,1310,Netrality Chicago - 717 S Wells,IL,Chicago
28658,566,1310,Netrality Chicago - 717 S Wells,IL,Chicago
271253,566,1310,Netrality Chicago - 717 S Wells,IL,Chicago
264479,566,1310,Netrality Chicago - 717 S Wells,IL,Chicago
264556,566,1310,Netrality Chicago - 717 S Wells,IL,Chicago
263444,566,1310,Netrality Chicago - 717 S Wells,IL,Chicago
27720,566,1310,Netrality Chicago - 717 S Wells,IL,Chicago
262427,566,1310,Netrality Chicago - 717 S Wells,IL,Chicago
262485,566,1310,Netrality Chicago - 717 S Wells,IL,Chicago
61573,566,1310,Netrality Chicago - 717 S Wells,IL,Chicago
263903,566,1310,Netrality Chicago - 717 S Wells,IL,Chicago
263009,566,1310,Netrality Chicago - 717 S Wells,IL,Chicago
53180,566,1310,Netrality Chicago - 717 S Wells,IL,Chicago
211186,566,1310,Netrality Chicago - 717 S Wells,IL,Chicago
265175,566,1310,Netrality Chicago - 717 S Wells,IL,Chicago
52988,566,1310,Netrality Chicago - 717 S Wells,IL,Chicago
262428,566,1310,Netrality Chicago - 717 S Wells,IL,Chicago
211700,566,1310,Netrality Chicago - 717 S Wells,IL,Chicago
198412,566,1310,Netrality Chicago - 717 S Wells,IL,Chicago
61568,566,1310,Netrality Chicago - 717 S Wells,IL,Chicago
28202,566,1310,Netrality Chicago - 717 S Wells,IL,Chicago
28338,566,1310,Netrality Chicago - 717 S Wells,IL,Chicago
262355,566,1310,Netrality Chicago - 717 S Wells,IL,Chicago
28663,566,1310,Netrality Chicago - 717 S Wells,IL,Chicago
20956,566,1310,Netrality Chicago - 717 S Wells,IL,Chicago
262760,566,1310,Netrality Chicago - 717 S Wells,IL,Chicago
35717,566,1310,Netrality Chicago - 717 S Wells,IL,Chicago
8265,566,1310,Netrality Chicago - 717 S Wells,IL,Chicago
60268,566,1310,Netrality Chicago - 717 S Wells,IL,Chicago
59886,566,1310,Netrality Chicago - 717 S Wells,IL,Chicago
26415,566,1310,Netrality Chicago - 717 S Wells,IL,Chicago
210021,566,1310,Netrality Chicago - 717 S Wells,IL,Chicago
49176,566,1310,Netrality Chicago - 717 S Wells,IL,Chicago
31293,566,1310,Netrality Chicago - 717 S Wells,IL,Chicago
212054,566,1310,Netrality Chicago - 717 S Wells,IL,Chicago
48602,566,1310,Netrality Chicago - 717 S Wells,IL,Chicago
3245,566,1310,Netrality Chicago - 717 S Wells,IL,Chicago
20530,566,1310,Netrality Chicago - 717 S Wells,IL,Chicago
42207,566,1310,Netrality Chicago - 717 S Wells,IL,Chicago
212175,566,1310,Netrality Chicago - 717 S Wells,IL,Chicago
39533,566,1310,Netrality Chicago - 717 S Wells,IL,Chicago
14840,566,1310,Netrality Chicago - 717 S Wells,IL,Chicago
25152,566,1310,Netrality Chicago - 717 S Wells,IL,Chicago
31080,566,1310,Netrality Chicago - 717 S Wells,IL,Chicago
205138,566,1310,Netrality Chicago - 717 S Wells,IL,Chicago
34428,566,1310,Netrality Chicago - 717 S Wells,IL,Chicago
24724,566,1310,Netrality Chicago - 717 S Wells,IL,Chicago
41427,566,1310,Netrality Chicago - 717 S Wells,IL,Chicago
13147,566,1310,Netrality Chicago - 717 S Wells,IL,Chicago
209702,566,1310,Netrality Chicago - 717 S Wells,IL,Chicago
267613,566,1310,Netrality Chicago - 717 S Wells,IL,Chicago
59829,566,1310,Netrality Chicago - 717 S Wells,IL,Chicago
20665,566,1310,Netrality Chicago - 717 S Wells,IL,Chicago
16344,566,1310,Netrality Chicago - 717 S Wells,IL,Chicago
394109,1357,1310,Netrality Chicago - 717 S Wells,IL,Chicago
212815,1357,1310,Netrality Chicago - 717 S Wells,IL,Chicago
13335,811,544,"SBA Edge, LLC",IL,Chicago
20940,811,544,"SBA Edge, LLC",IL,Chicago
199524,811,544,"SBA Edge, LLC",IL,Chicago
16509,811,544,"SBA Edge, LLC",IL,Chicago
8075,811,544,"SBA Edge, LLC",IL,Chicago
25697,811,544,"SBA Edge, LLC",IL,Chicago
6939,811,544,"SBA Edge, LLC",IL,Chicago
46261,811,544,"SBA Edge, LLC",IL,Chicago
15169,811,544,"SBA Edge, LLC",IL,Chicago
2734,811,544,"SBA Edge, LLC",IL,Chicago
4455,811,544,"SBA Edge, LLC",IL,Chicago
55256,811,544,"SBA Edge, LLC",IL,Chicago
14340,811,544,"SBA Edge, LLC",IL,Chicago
7843,811,544,"SBA Edge, LLC",IL,Chicago
20115,811,544,"SBA Edge, LLC",IL,Chicago
12083,811,544,"SBA Edge, LLC",IL,Chicago
47869,811,544,"SBA Edge, LLC",IL,Chicago
22995,811,544,"SBA Edge, LLC",IL,Chicago
20278,811,544,"SBA Edge, LLC",IL,Chicago
32899,811,544,"SBA Edge, LLC",IL,Chicago
397095,811,544,"SBA Edge, LLC",IL,Chicago
4556,811,544,"SBA Edge, LLC",IL,Chicago
53610,811,544,"SBA Edge, LLC",IL,Chicago
12243,811,544,"SBA Edge, LLC",IL,Chicago
399663,811,544,"SBA Edge, LLC",IL,Chicago
53597,811,544,"SBA Edge, LLC",IL,Chicago
2906,811,544,"SBA Edge, LLC",IL,Chicago
10310,811,544,"SBA Edge, LLC",IL,Chicago
32934,811,544,"SBA Edge, LLC",IL,Chicago
6507,811,544,"SBA Edge, LLC",IL,Chicago
58907,811,544,"SBA Edge, LLC",IL,Chicago
53828,811,544,"SBA Edge, LLC",IL,Chicago
7155,811,544,"SBA Edge, LLC",IL,Chicago
19151,811,544,"SBA Edge, LLC",IL,Chicago
42,811,544,"SBA Edge, LLC",IL,Chicago
15042,811,544,"SBA Edge, LLC",IL,Chicago
53264,811,544,"SBA Edge, LLC",IL,Chicago
31845,811,544,"SBA Edge, LLC",IL,Chicago
26554,811,544,"SBA Edge, LLC",IL,Chicago
36086,811,544,"SBA Edge, LLC",IL,Chicago
23367,811,544,"SBA Edge, LLC",IL,Chicago
14593,811,544,"SBA Edge, LLC",IL,Chicago
6473,811,544,"SBA Edge, LLC",IL,Chicago
394968,811,544,"SBA Edge, LLC",IL,Chicago
3856,811,544,"SBA Edge, LLC",IL,Chicago
134521,811,544,"SBA Edge, LLC",IL,Chicago
63399,811,544,"SBA Edge, LLC",IL,Chicago
30455,811,544,"SBA Edge, LLC",IL,Chicago
17210,811,544,"SBA Edge, LLC",IL,Chicago
393891,811,544,"SBA Edge, LLC",IL,Chicago
63014,811,544,"SBA Edge, LLC",IL,Chicago
32261,811,544,"SBA Edge, LLC",IL,Chicago
36001,811,544,"SBA Edge, LLC",IL,Chicago
2381,811,544,"SBA Edge, LLC",IL,Chicago
14333,811,544,"SBA Edge, LLC",IL,Chicago
63311,811,544,"SBA Edge, LLC",IL,Chicago
398868,811,544,"SBA Edge, LLC",IL,Chicago
19255,811,544,"SBA Edge, LLC",IL,Chicago
26415,811,544,"SBA Edge, LLC",IL,Chicago
112,811,544,"SBA Edge, LLC",IL,Chicago
11142,811,544,"SBA Edge, LLC",IL,Chicago
393853,811,544,"SBA Edge, LLC",IL,Chicago
32425,811,544,"SBA Edge, LLC",IL,Chicago
40165,811,544,"SBA Edge, LLC",IL,Chicago
40764,811,544,"SBA Edge, LLC",IL,Chicago
394109,1357,544,"SBA Edge, LLC",IL,Chicago
212815,1357,544,"SBA Edge, LLC",IL,Chicago
199524,983,762,Digital Realty CHI (600-780 S Federal),IL,Chicago
36351,983,762,Digital Realty CHI (600-780 S Federal),IL,Chicago
6939,983,762,Digital Realty CHI (600-780 S Federal),IL,Chicago
1828,983,762,Digital Realty CHI (600-780 S Federal),IL,Chicago
15169,983,762,Digital Realty CHI (600-780 S Federal),IL,Chicago
29802,983,762,Digital Realty CHI (600-780 S Federal),IL,Chicago
16591,983,762,Digital Realty CHI (600-780 S Federal),IL,Chicago
32934,983,762,Digital Realty CHI (600-780 S Federal),IL,Chicago
11758,983,762,Digital Realty CHI (600-780 S Federal),IL,Chicago
36086,983,762,Digital Realty CHI (600-780 S Federal),IL,Chicago
